
===== 2026-07-07 13:12:42  input=C:\Temp\vidclean\test.mp4  output=C:\Temp\vidclean\test_censored.mp4  model=medium  device=auto  mode=mute  pad_ms=50 =====
[2026-07-07 13:12:42] Input video: C:\Temp\vidclean\test.mp4
[2026-07-07 13:12:42] Output video: C:\Temp\vidclean\test_censored.mp4
[2026-07-07 13:12:42] FFmpeg folder override: C:\ffmpeg\bin
[2026-07-07 13:12:42] Media duration: 917.88 s
[2026-07-07 13:12:42] Loading censor word list from C:\Temp\Python\censor_words.txt
[2026-07-07 13:12:47] ERROR: NLTK data (wordnet / omw-1.4) is required for derivative matching. Install NLTK and run:  python -c "import nltk; nltk.download('wordnet'); nltk.download('omw-1.4')"
Underlying error: 
**********************************************************************
  Resource 'wordnet' not found.
  Please use the NLTK Downloader to obtain the resource:

  >>> import nltk
  >>> nltk.download('wordnet')

  For more information see: https://www.nltk.org/data.html

  Attempted to load 'corpora/wordnet'

  Searched in:
    - 'C:\\Users\\fg6trw/nltk_data'
    - 'C:\\Temp\\Python\\.venv\\nltk_data'
    - 'C:\\Temp\\Python\\.venv\\share\\nltk_data'
    - 'C:\\Temp\\Python\\.venv\\lib\\nltk_data'
    - 'C:\\Users\\fg6trw\\AppData\\Roaming\\nltk_data'
    - 'C:\\nltk_data'
    - 'D:\\nltk_data'
    - 'E:\\nltk_data'
**********************************************************************


===== 2026-07-07 13:18:35  input=C:\Temp\vidclean\test.mp4  output=C:\Temp\vidclean\test_censored.mp4  model=medium  device=auto  mode=mute  pad_ms=50 =====
[2026-07-07 13:18:35] Input video: C:\Temp\vidclean\test.mp4
[2026-07-07 13:18:35] Output video: C:\Temp\vidclean\test_censored.mp4
[2026-07-07 13:18:35] FFmpeg folder override: C:\ffmpeg\bin
[2026-07-07 13:18:35] Media duration: 917.88 s
[2026-07-07 13:18:35] Loading censor word list from C:\Temp\Python\censor_words.txt
[2026-07-07 13:18:40] Loaded 9 censor word(s): *fuck*, cunt, shit, bullshit, *bitch*, bastard, damn, hell, asshole
[2026-07-07 13:18:40] Extracting audio (mono 16 kHz WAV) with ffmpeg...
[2026-07-07 13:19:20] Device: CUDA auto-detected (NVIDIA RTX A2000 8GB Laptop GPU).
[2026-07-07 13:19:20] Loading Whisper model 'medium'...
[2026-07-07 13:19:51] Transcribing audio (word-level timestamps enabled)...
[2026-07-07 13:19:51] ERROR: [WinError 2] The system cannot find the file specified

===== 2026-07-07 13:36:30  input=C:\Temp\vidclean\test.mp4  output=C:\Temp\vidclean\test_censored.mp4  model=medium  device=auto  mode=mute  pad_ms=50 =====
[2026-07-07 13:36:31] Input video: C:\Temp\vidclean\test.mp4
[2026-07-07 13:36:31] Output video: C:\Temp\vidclean\test_censored.mp4
[2026-07-07 13:36:31] FFmpeg folder override: C:\ffmpeg\bin
[2026-07-07 13:36:37] Media duration: 917.88 s
[2026-07-07 13:36:37] Loading censor word list from C:\Temp\Python\censor_words.txt
[2026-07-07 13:36:41] Loaded 9 censor word(s): *fuck*, cunt, shit, bullshit, *bitch*, bastard, damn, hell, asshole
[2026-07-07 13:36:41] Extracting audio (mono 16 kHz WAV) with ffmpeg...
[2026-07-07 13:37:23] Device: CUDA auto-detected (NVIDIA RTX A2000 8GB Laptop GPU).
[2026-07-07 13:37:23] Loading Whisper model 'medium'...
[2026-07-07 13:37:34] Transcribing audio (word-level timestamps enabled)...
[2026-07-07 13:37:34] Prepended 'C:\ffmpeg\bin' to PATH for Whisper audio decoding.
[2026-07-07 13:54:02] Transcription complete: 2676 words, 574 segments, language=en.
[2026-07-07 13:54:02] Matching transcribed words against censor list...
[2026-07-07 13:54:02] Matched 174 word occurrence(s), producing 170 mute interval(s) after padding/merging.
[2026-07-07 13:54:02] Encoding output with 170 censored interval(s), mode=mute...
[2026-07-07 13:54:32] Done. Wrote censored video: C:\Temp\vidclean\test_censored.mp4

===== 2026-07-07 14:05:43  input=C:\Temp\vidclean\test.mp4  output=C:\Temp\vidclean\test_censored.mp4  model=medium  device=auto  mode=mute  pre_pad_ms=150  post_pad_ms=50 =====
[2026-07-07 14:05:43] Input video: C:\Temp\vidclean\test.mp4
[2026-07-07 14:05:43] Output video: C:\Temp\vidclean\test_censored.mp4
[2026-07-07 14:05:43] FFmpeg folder override: C:\ffmpeg\bin
[2026-07-07 14:05:51] Media duration: 917.88 s
[2026-07-07 14:05:51] Loading censor word list from C:\Temp\Python\censor_words.txt
[2026-07-07 14:05:56] Loaded 10 censor word(s): *fuck*, cunt, shit, bullshit, *bitch*, bastard, damn, hell, asshole, dick
[2026-07-07 14:05:56] Extracting audio (mono 16 kHz WAV) with ffmpeg...
[2026-07-07 14:06:21] Device: CUDA auto-detected (NVIDIA RTX A2000 8GB Laptop GPU).
[2026-07-07 14:06:21] Loading Whisper model 'medium'...
[2026-07-07 14:06:34] Transcribing audio (word-level timestamps enabled)...
[2026-07-07 14:06:34] Prepended 'C:\ffmpeg\bin' to PATH for Whisper audio decoding.
[2026-07-07 14:22:53] Transcription complete: 2676 words, 574 segments, language=en.
[2026-07-07 14:22:54] Matching transcribed words against censor list...
[2026-07-07 14:22:54] Matched 177 word occurrence(s), producing 168 mute interval(s) after padding/merging.
[2026-07-07 14:22:54] Encoding output with 168 censored interval(s), mode=mute...
[2026-07-07 14:23:25] Done. Wrote censored video: C:\Temp\vidclean\test_censored.mp4

===== 2026-07-07 14:31:31  input=C:\Temp\vidclean\test.mp4  output=C:\Temp\vidclean\test_censored.mp4  model=medium  device=auto  mode=mute  pre_pad_ms=150  post_pad_ms=50 =====
[2026-07-07 14:31:31] Input video: C:\Temp\vidclean\test.mp4
[2026-07-07 14:31:31] Output video: C:\Temp\vidclean\test_censored.mp4
[2026-07-07 14:31:31] FFmpeg folder override: C:\ffmpeg\bin
[2026-07-07 14:31:39] Media duration: 917.88 s
[2026-07-07 14:31:39] Loading censor word list from C:\Temp\Python\censor_words.txt
[2026-07-07 14:31:43] Loaded 10 censor word(s): *fuck*, cunt, shit, bullshit, *bitch*, bastard, damn, hell, asshole, dick
[2026-07-07 14:31:43] No valid transcript cache found; running full transcription.
[2026-07-07 14:31:43] Extracting audio (mono 16 kHz WAV) with ffmpeg...
[2026-07-07 14:33:05] Device: CUDA auto-detected (NVIDIA RTX A2000 8GB Laptop GPU).
[2026-07-07 14:33:05] Loading Whisper model 'medium'...
[2026-07-07 14:33:15] Transcribing audio (word-level timestamps enabled)...
[2026-07-07 14:33:15] Prepended 'C:\ffmpeg\bin' to PATH for Whisper audio decoding.
[2026-07-07 14:49:28] Transcription complete: 2676 words, 574 segments, language=en.
[2026-07-07 14:49:28] Saved transcript cache: C:\Temp\vidclean\test.mp4.transcript.json
[2026-07-07 14:49:28] Matching transcribed words against censor list...
[2026-07-07 14:49:28] Matched 177 word occurrence(s), producing 168 mute interval(s) after padding/merging.
[2026-07-07 14:49:28] Encoding output with 168 censored interval(s), mode=mute...
[2026-07-07 14:49:58] Done. Wrote censored video: C:\Temp\vidclean\test_censored.mp4

===== 2026-07-07 14:52:04  input=C:\Temp\vidclean\test.mp4  output=C:\Temp\vidclean\test_censored.mp4  model=medium  device=auto  mode=mute  pre_pad_ms=150  post_pad_ms=50 =====
[2026-07-07 14:52:04] Input video: C:\Temp\vidclean\test.mp4
[2026-07-07 14:52:04] Output video: C:\Temp\vidclean\test_censored.mp4
[2026-07-07 14:52:04] FFmpeg folder override: C:\ffmpeg\bin
[2026-07-07 14:52:11] Media duration: 917.88 s
[2026-07-07 14:52:11] Loading censor word list from C:\Temp\Python\censor_words.txt
[2026-07-07 14:52:16] Loaded 10 censor word(s): *fuck*, cunt, shit, bullshit, *bitch*, bastard, damn, hell, asshole, dick*
[2026-07-07 14:52:16] Using cached transcript: C:\Temp\vidclean\test.mp4.transcript.json (2676 words, model=medium).
[2026-07-07 14:52:16] Matching transcribed words against censor list...
[2026-07-07 14:52:16] Matched 178 word occurrence(s), producing 169 mute interval(s) after padding/merging.
[2026-07-07 14:52:16] Encoding output with 169 censored interval(s), mode=mute...
[2026-07-07 14:52:30] Done. Wrote censored video: C:\Temp\vidclean\test_censored.mp4
[2026-07-07 14:54:14] Deleted cached transcript: C:\Temp\vidclean\test.mp4.transcript.json

===== 2026-07-07 14:54:33  input=C:\Temp\vidclean\test.mp4  output=C:\Temp\vidclean\test_censored.mp4  model=medium  device=auto  mode=mute  pre_pad_ms=150  post_pad_ms=50 =====
[2026-07-07 14:54:33] Input video: C:\Temp\vidclean\test.mp4
[2026-07-07 14:54:33] Output video: C:\Temp\vidclean\test_censored.mp4
[2026-07-07 14:54:33] FFmpeg folder override: C:\ffmpeg\bin
[2026-07-07 14:54:33] Media duration: 917.88 s
[2026-07-07 14:54:33] Loading censor word list from C:\Temp\Python\censor_words.txt
[2026-07-07 14:54:38] Loaded 10 censor word(s): *fuck*, cunt, shit, bullshit, *bitch*, bastard, damn, hell, asshole, dick
[2026-07-07 14:54:38] No valid transcript cache found; running full transcription.
[2026-07-07 14:54:38] Extracting audio (mono 16 kHz WAV) with ffmpeg...
[2026-07-07 14:54:43] Device: CUDA auto-detected (NVIDIA RTX A2000 8GB Laptop GPU).
[2026-07-07 14:54:43] Loading Whisper model 'medium'...
[2026-07-07 14:54:53] Transcribing audio (word-level timestamps enabled)...
[2026-07-07 14:54:53] Prepended 'C:\ffmpeg\bin' to PATH for Whisper audio decoding.
[2026-07-07 14:55:03] Whisper progress hook silent after 10 s; showing coarse fallback estimate up to 20 %.
[2026-07-07 15:11:06] ERROR: Cancelled during transcription.

===== 2026-07-07 15:14:11  input=C:\Temp\vidclean\test.mp4  output=C:\Temp\vidclean\test_censored.mp4  model=medium  device=auto  mode=mute  pre_pad_ms=150  post_pad_ms=50 =====
[2026-07-07 15:14:11] Input video: C:\Temp\vidclean\test.mp4
[2026-07-07 15:14:11] Output video: C:\Temp\vidclean\test_censored.mp4
[2026-07-07 15:14:11] FFmpeg folder override: C:\ffmpeg\bin
[2026-07-07 15:14:19] Media duration: 917.88 s
[2026-07-07 15:14:19] Loading censor word list from C:\Temp\Python\censor_words.txt
[2026-07-07 15:14:24] Loaded 10 censor word(s): *fuck*, cunt, shit, bullshit, *bitch*, bastard, damn, hell, asshole, dick*
[2026-07-07 15:14:24] No valid transcript cache found; running full transcription.
[2026-07-07 15:14:24] Extracting audio (mono 16 kHz WAV) with ffmpeg...
[2026-07-07 15:14:27] Device: CUDA auto-detected (NVIDIA RTX A2000 8GB Laptop GPU).
[2026-07-07 15:14:27] Loading Whisper model 'medium'...
[2026-07-07 15:14:37] Transcribing audio (word-level timestamps enabled)...
[2026-07-07 15:14:37] Prepended 'C:\ffmpeg\bin' to PATH for Whisper audio decoding.
[2026-07-07 15:14:47] Whisper progress hook active (first tick at 3.1%).
[2026-07-07 15:30:44] Transcription complete: 2676 words, 574 segments, language=en.
[2026-07-07 15:30:44] Saved transcript cache: C:\Temp\vidclean\test.mp4.transcript.json
[2026-07-07 15:30:44] Matching transcribed words against censor list...
[2026-07-07 15:30:44] Matched 178 word occurrence(s), producing 169 mute interval(s) after padding/merging.
[2026-07-07 15:30:44] Encoding output with 169 censored interval(s), mode=mute...
[2026-07-07 15:31:04] Done. Wrote censored video: C:\Temp\vidclean\test_censored.mp4
[2026-07-07 15:48:36] Deleted cached transcript: C:\Temp\vidclean\test.mp4.transcript.json

===== 2026-07-07 15:48:48  input=C:\Temp\vidclean\test.mp4  output=C:\Temp\vidclean\test_censored.mp4  model=medium  device=auto  mode=mute  pre_pad_ms=150  post_pad_ms=50 =====
[2026-07-07 15:48:48] Input video: C:\Temp\vidclean\test.mp4
[2026-07-07 15:48:48] Output video: C:\Temp\vidclean\test_censored.mp4
[2026-07-07 15:48:48] FFmpeg folder override: C:\ffmpeg\bin
[2026-07-07 15:48:57] Media duration: 917.88 s
[2026-07-07 15:48:57] Loading censor word list from C:\Temp\Python\censor_words.txt
[2026-07-07 15:49:01] Loaded 10 censor word(s): *fuck*, cunt, shit, bullshit, *bitch*, bastard, damn, hell, asshole, dick*
[2026-07-07 15:49:01] No valid transcript cache found; running full transcription.
[2026-07-07 15:49:01] Extracting audio (mono 16 kHz WAV) with ffmpeg...
[2026-07-07 15:49:06] Device: CUDA auto-detected (NVIDIA RTX A2000 8GB Laptop GPU).
[2026-07-07 15:49:06] Loading Whisper model 'medium'...
[2026-07-07 15:49:16] Transcribing audio (word-level timestamps enabled)...
[2026-07-07 15:49:16] Prepended 'C:\ffmpeg\bin' to PATH for Whisper audio decoding.
[2026-07-07 15:49:28] Whisper progress hook active (first tick at 3.1%).
[2026-07-07 15:50:40] Cancelled during transcription.
[2026-07-07 15:50:40] Pipeline cancelled by user (during transcription).
[2026-07-07 15:50:40] Cancelled during transcription.

===== 2026-07-07 15:50:57  input=C:\Temp\vidclean\test.mp4  output=C:\Temp\vidclean\test_censored.mp4  model=medium  device=auto  mode=mute  pre_pad_ms=150  post_pad_ms=50 =====
[2026-07-07 15:50:57] Input video: C:\Temp\vidclean\test.mp4
[2026-07-07 15:50:57] Output video: C:\Temp\vidclean\test_censored.mp4
[2026-07-07 15:50:57] FFmpeg folder override: C:\ffmpeg\bin
[2026-07-07 15:50:57] Media duration: 917.88 s
[2026-07-07 15:50:57] Loading censor word list from C:\Temp\Python\censor_words.txt
[2026-07-07 15:51:03] Loaded 10 censor word(s): *fuck*, cunt, shit, bullshit, *bitch*, bastard, damn, hell, asshole, dick*
[2026-07-07 15:51:03] No valid transcript cache found; running full transcription.
[2026-07-07 15:51:03] Extracting audio (mono 16 kHz WAV) with ffmpeg...
[2026-07-07 15:51:10] Device: CUDA auto-detected (NVIDIA RTX A2000 8GB Laptop GPU).
[2026-07-07 15:51:10] Loading Whisper model 'medium'...
[2026-07-07 15:51:21] Transcribing audio (word-level timestamps enabled)...
[2026-07-07 15:51:21] Prepended 'C:\ffmpeg\bin' to PATH for Whisper audio decoding.
[2026-07-07 15:51:59] Whisper progress hook active (first tick at 3.1%).
[2026-07-07 16:04:24] Cancelled during transcription.
[2026-07-07 16:04:24] Pipeline cancelled by user (during transcription).
[2026-07-07 16:04:24] Cancelled during transcription.

===== 2026-07-07 16:04:45  input=C:\Temp\vidclean\test.mp4  output=C:\Temp\vidclean\test_censored.mp4  model=medium  device=auto  mode=mute  pre_pad_ms=150  post_pad_ms=50 =====
[2026-07-07 16:04:46] Input video: C:\Temp\vidclean\test.mp4
[2026-07-07 16:04:46] Output video: C:\Temp\vidclean\test_censored.mp4
[2026-07-07 16:04:46] FFmpeg folder override: C:\ffmpeg\bin
[2026-07-07 16:04:46] Media duration: 917.88 s
[2026-07-07 16:04:46] Loading censor word list from C:\Temp\Python\censor_words.txt
[2026-07-07 16:04:50] Loaded 10 censor word(s): *fuck*, cunt, shit, bullshit, *bitch*, bastard, damn, hell, asshole, dick*
[2026-07-07 16:04:50] No valid transcript cache found; running full transcription.
[2026-07-07 16:04:50] Extracting audio (mono 16 kHz WAV) with ffmpeg...
[2026-07-07 16:04:54] Device: CUDA auto-detected (NVIDIA RTX A2000 8GB Laptop GPU).
[2026-07-07 16:04:54] Loading Whisper model 'medium'...
[2026-07-07 16:05:07] Transcribing audio (word-level timestamps enabled)...
[2026-07-07 16:05:07] Prepended 'C:\ffmpeg\bin' to PATH for Whisper audio decoding.
[2026-07-07 16:05:27] Whisper progress hook active (first tick at 3.1%).
[2026-07-07 16:22:12] Transcription complete: 2676 words, 574 segments, language=en.
[2026-07-07 16:22:12] Saved transcript cache: C:\Temp\vidclean\test.mp4.transcript.json
[2026-07-07 16:22:12] Matching transcribed words against censor list...
[2026-07-07 16:22:12] Matched 178 word occurrence(s), producing 169 mute interval(s) after padding/merging.
[2026-07-07 16:22:12] Encoding output with 169 censored interval(s), mode=mute...
[2026-07-07 16:22:33] Done. Wrote censored video: C:\Temp\vidclean\test_censored.mp4
[2026-07-07 16:28:05] 
[2026-07-07 16:28:05] ===== File 1 of 16:  C:\Temp\vidclean\test_00.mp4 =====

===== 2026-07-07 16:28:05  batch 1/16  input=C:\Temp\vidclean\test_00.mp4  output=C:\Temp\vidclean\test_00_censored.mp4  model=medium  device=auto  mode=mute  pre_pad_ms=150  post_pad_ms=50 =====
[2026-07-07 16:28:05] Input video: C:\Temp\vidclean\test_00.mp4
[2026-07-07 16:28:05] Output video: C:\Temp\vidclean\test_00_censored.mp4
[2026-07-07 16:28:05] FFmpeg folder override: C:\ffmpeg\bin
[2026-07-07 16:28:13] Media duration: 61.80 s
[2026-07-07 16:28:13] Loading censor word list from C:\Temp\Python\censor_words.txt
[2026-07-07 16:28:17] Loaded 10 censor word(s): *fuck*, cunt, shit, bullshit, *bitch*, bastard, damn, hell, asshole, dick*
[2026-07-07 16:28:17] No valid transcript cache found; running full transcription.
[2026-07-07 16:28:17] Extracting audio (mono 16 kHz WAV) with ffmpeg...
[2026-07-07 16:28:23] Device: CUDA auto-detected (NVIDIA RTX A2000 8GB Laptop GPU).
[2026-07-07 16:28:23] Loading Whisper model 'medium'...
[2026-07-07 16:28:32] Transcribing audio (word-level timestamps enabled)...
[2026-07-07 16:28:32] Prepended 'C:\ffmpeg\bin' to PATH for Whisper audio decoding.
[2026-07-07 16:28:42] Whisper progress hook active (first tick at 46.1%).
[2026-07-07 16:28:49] Transcription complete: 165 words, 43 segments, language=en.
[2026-07-07 16:28:49] Saved transcript cache: C:\Temp\vidclean\test_00.mp4.transcript.json
[2026-07-07 16:28:49] Matching transcribed words against censor list...
[2026-07-07 16:28:49] Matched 23 word occurrence(s), producing 20 mute interval(s) after padding/merging.
[2026-07-07 16:28:49] Encoding output with 20 censored interval(s), mode=mute...

===== 2026-07-07 16:28:50  batch 2/16  input=C:\Temp\vidclean\test_01.mp4  output=C:\Temp\vidclean\test_01_censored.mp4  model=medium  device=auto  mode=mute  pre_pad_ms=150  post_pad_ms=50 =====
[2026-07-07 16:28:50] Done. Wrote censored video: C:\Temp\vidclean\test_00_censored.mp4
[2026-07-07 16:28:50] Done. 23 matched of 165 words; 20 interval(s). Output: C:\Temp\vidclean\test_00_censored.mp4
[2026-07-07 16:28:50] 
[2026-07-07 16:28:50] ===== File 2 of 16:  C:\Temp\vidclean\test_01.mp4 =====
[2026-07-07 16:28:50] Input video: C:\Temp\vidclean\test_01.mp4
[2026-07-07 16:28:50] Output video: C:\Temp\vidclean\test_01_censored.mp4
[2026-07-07 16:28:50] FFmpeg folder override: C:\ffmpeg\bin
[2026-07-07 16:28:50] Media duration: 58.79 s
[2026-07-07 16:28:50] Loading censor word list from C:\Temp\Python\censor_words.txt
[2026-07-07 16:28:50] Loaded 10 censor word(s): *fuck*, cunt, shit, bullshit, *bitch*, bastard, damn, hell, asshole, dick*
[2026-07-07 16:28:50] No valid transcript cache found; running full transcription.
[2026-07-07 16:28:50] Extracting audio (mono 16 kHz WAV) with ffmpeg...
[2026-07-07 16:28:50] Device: CUDA auto-detected (NVIDIA RTX A2000 8GB Laptop GPU).
[2026-07-07 16:28:50] Loading Whisper model 'medium'...
[2026-07-07 16:29:01] Transcribing audio (word-level timestamps enabled)...
[2026-07-07 16:29:01] Prepended 'C:\ffmpeg\bin' to PATH for Whisper audio decoding.
[2026-07-07 16:29:06] Whisper progress hook active (first tick at 49.1%).
[2026-07-07 16:29:42] Transcription complete: 183 words, 38 segments, language=en.
[2026-07-07 16:29:42] Saved transcript cache: C:\Temp\vidclean\test_01.mp4.transcript.json
[2026-07-07 16:29:42] Matching transcribed words against censor list...
[2026-07-07 16:29:42] Matched 12 word occurrence(s), producing 11 mute interval(s) after padding/merging.
[2026-07-07 16:29:42] Encoding output with 11 censored interval(s), mode=mute...

===== 2026-07-07 16:29:44  batch 3/16  input=C:\Temp\vidclean\test_02.mp4  output=C:\Temp\vidclean\test_02_censored.mp4  model=medium  device=auto  mode=mute  pre_pad_ms=150  post_pad_ms=50 =====
[2026-07-07 16:29:44] Done. Wrote censored video: C:\Temp\vidclean\test_01_censored.mp4
[2026-07-07 16:29:44] Done. 12 matched of 183 words; 11 interval(s). Output: C:\Temp\vidclean\test_01_censored.mp4
[2026-07-07 16:29:44] 
[2026-07-07 16:29:44] ===== File 3 of 16:  C:\Temp\vidclean\test_02.mp4 =====
[2026-07-07 16:29:44] Input video: C:\Temp\vidclean\test_02.mp4
[2026-07-07 16:29:44] Output video: C:\Temp\vidclean\test_02_censored.mp4
[2026-07-07 16:29:44] FFmpeg folder override: C:\ffmpeg\bin
[2026-07-07 16:29:44] Media duration: 59.93 s
[2026-07-07 16:29:44] Loading censor word list from C:\Temp\Python\censor_words.txt
[2026-07-07 16:29:44] Loaded 10 censor word(s): *fuck*, cunt, shit, bullshit, *bitch*, bastard, damn, hell, asshole, dick*
[2026-07-07 16:29:44] No valid transcript cache found; running full transcription.
[2026-07-07 16:29:44] Extracting audio (mono 16 kHz WAV) with ffmpeg...
[2026-07-07 16:29:44] Device: CUDA auto-detected (NVIDIA RTX A2000 8GB Laptop GPU).
[2026-07-07 16:29:44] Loading Whisper model 'medium'...
[2026-07-07 16:29:54] Transcribing audio (word-level timestamps enabled)...
[2026-07-07 16:29:54] Prepended 'C:\ffmpeg\bin' to PATH for Whisper audio decoding.
[2026-07-07 16:30:31] Whisper progress hook active (first tick at 48.4%).
[2026-07-07 16:31:02] Transcription complete: 173 words, 37 segments, language=en.
[2026-07-07 16:31:02] Saved transcript cache: C:\Temp\vidclean\test_02.mp4.transcript.json
[2026-07-07 16:31:02] Matching transcribed words against censor list...
[2026-07-07 16:31:02] Matched 14 word occurrence(s), producing 14 mute interval(s) after padding/merging.
[2026-07-07 16:31:02] Encoding output with 14 censored interval(s), mode=mute...

===== 2026-07-07 16:31:03  batch 4/16  input=C:\Temp\vidclean\test_03.mp4  output=C:\Temp\vidclean\test_03_censored.mp4  model=medium  device=auto  mode=mute  pre_pad_ms=150  post_pad_ms=50 =====
[2026-07-07 16:31:03] Done. Wrote censored video: C:\Temp\vidclean\test_02_censored.mp4
[2026-07-07 16:31:03] Done. 14 matched of 173 words; 14 interval(s). Output: C:\Temp\vidclean\test_02_censored.mp4
[2026-07-07 16:31:03] 
[2026-07-07 16:31:03] ===== File 4 of 16:  C:\Temp\vidclean\test_03.mp4 =====
[2026-07-07 16:31:03] Input video: C:\Temp\vidclean\test_03.mp4
[2026-07-07 16:31:03] Output video: C:\Temp\vidclean\test_03_censored.mp4
[2026-07-07 16:31:03] FFmpeg folder override: C:\ffmpeg\bin
[2026-07-07 16:31:03] Media duration: 59.73 s
[2026-07-07 16:31:03] Loading censor word list from C:\Temp\Python\censor_words.txt
[2026-07-07 16:31:03] Loaded 10 censor word(s): *fuck*, cunt, shit, bullshit, *bitch*, bastard, damn, hell, asshole, dick*
[2026-07-07 16:31:03] No valid transcript cache found; running full transcription.
[2026-07-07 16:31:03] Extracting audio (mono 16 kHz WAV) with ffmpeg...
[2026-07-07 16:31:04] Device: CUDA auto-detected (NVIDIA RTX A2000 8GB Laptop GPU).
[2026-07-07 16:31:04] Loading Whisper model 'medium'...
[2026-07-07 16:31:17] Transcribing audio (word-level timestamps enabled)...
[2026-07-07 16:31:17] Prepended 'C:\ffmpeg\bin' to PATH for Whisper audio decoding.
[2026-07-07 16:31:47] Whisper progress hook active (first tick at 48.8%).
[2026-07-07 16:32:27] Transcription complete: 169 words, 39 segments, language=en.
[2026-07-07 16:32:27] Saved transcript cache: C:\Temp\vidclean\test_03.mp4.transcript.json
[2026-07-07 16:32:27] Matching transcribed words against censor list...
[2026-07-07 16:32:27] Matched 12 word occurrence(s), producing 11 mute interval(s) after padding/merging.
[2026-07-07 16:32:27] Encoding output with 11 censored interval(s), mode=mute...

===== 2026-07-07 16:32:28  batch 5/16  input=C:\Temp\vidclean\test_04.mp4  output=C:\Temp\vidclean\test_04_censored.mp4  model=medium  device=auto  mode=mute  pre_pad_ms=150  post_pad_ms=50 =====
[2026-07-07 16:32:28] Done. Wrote censored video: C:\Temp\vidclean\test_03_censored.mp4
[2026-07-07 16:32:28] Done. 12 matched of 169 words; 11 interval(s). Output: C:\Temp\vidclean\test_03_censored.mp4
[2026-07-07 16:32:28] 
[2026-07-07 16:32:28] ===== File 5 of 16:  C:\Temp\vidclean\test_04.mp4 =====
[2026-07-07 16:32:28] Input video: C:\Temp\vidclean\test_04.mp4
[2026-07-07 16:32:28] Output video: C:\Temp\vidclean\test_04_censored.mp4
[2026-07-07 16:32:28] FFmpeg folder override: C:\ffmpeg\bin
[2026-07-07 16:32:28] Media duration: 60.09 s
[2026-07-07 16:32:28] Loading censor word list from C:\Temp\Python\censor_words.txt
[2026-07-07 16:32:28] Loaded 10 censor word(s): *fuck*, cunt, shit, bullshit, *bitch*, bastard, damn, hell, asshole, dick*
[2026-07-07 16:32:28] No valid transcript cache found; running full transcription.
[2026-07-07 16:32:28] Extracting audio (mono 16 kHz WAV) with ffmpeg...
[2026-07-07 16:32:29] Device: CUDA auto-detected (NVIDIA RTX A2000 8GB Laptop GPU).
[2026-07-07 16:32:29] Loading Whisper model 'medium'...
[2026-07-07 16:32:45] Transcribing audio (word-level timestamps enabled)...
[2026-07-07 16:32:45] Prepended 'C:\ffmpeg\bin' to PATH for Whisper audio decoding.
[2026-07-07 16:33:08] Whisper progress hook active (first tick at 45.8%).
[2026-07-07 16:33:46] Transcription complete: 143 words, 38 segments, language=en.
[2026-07-07 16:33:46] Saved transcript cache: C:\Temp\vidclean\test_04.mp4.transcript.json
[2026-07-07 16:33:46] Matching transcribed words against censor list...
[2026-07-07 16:33:46] Matched 11 word occurrence(s), producing 10 mute interval(s) after padding/merging.
[2026-07-07 16:33:46] Encoding output with 10 censored interval(s), mode=mute...

===== 2026-07-07 16:33:47  batch 6/16  input=C:\Temp\vidclean\test_05.mp4  output=C:\Temp\vidclean\test_05_censored.mp4  model=medium  device=auto  mode=mute  pre_pad_ms=150  post_pad_ms=50 =====
[2026-07-07 16:33:47] Done. Wrote censored video: C:\Temp\vidclean\test_04_censored.mp4
[2026-07-07 16:33:47] Done. 11 matched of 143 words; 10 interval(s). Output: C:\Temp\vidclean\test_04_censored.mp4
[2026-07-07 16:33:47] 
[2026-07-07 16:33:47] ===== File 6 of 16:  C:\Temp\vidclean\test_05.mp4 =====
[2026-07-07 16:33:47] Input video: C:\Temp\vidclean\test_05.mp4
[2026-07-07 16:33:47] Output video: C:\Temp\vidclean\test_05_censored.mp4
[2026-07-07 16:33:47] FFmpeg folder override: C:\ffmpeg\bin
[2026-07-07 16:33:55] Media duration: 62.70 s
[2026-07-07 16:33:55] Loading censor word list from C:\Temp\Python\censor_words.txt
[2026-07-07 16:33:55] Loaded 10 censor word(s): *fuck*, cunt, shit, bullshit, *bitch*, bastard, damn, hell, asshole, dick*
[2026-07-07 16:33:55] No valid transcript cache found; running full transcription.
[2026-07-07 16:33:55] Extracting audio (mono 16 kHz WAV) with ffmpeg...
[2026-07-07 16:33:55] Device: CUDA auto-detected (NVIDIA RTX A2000 8GB Laptop GPU).
[2026-07-07 16:33:55] Loading Whisper model 'medium'...
[2026-07-07 16:34:11] Transcribing audio (word-level timestamps enabled)...
[2026-07-07 16:34:11] Prepended 'C:\ffmpeg\bin' to PATH for Whisper audio decoding.
[2026-07-07 16:34:46] Whisper progress hook active (first tick at 47.3%).
[2026-07-07 16:35:29] Transcription complete: 189 words, 43 segments, language=en.
[2026-07-07 16:35:29] Saved transcript cache: C:\Temp\vidclean\test_05.mp4.transcript.json
[2026-07-07 16:35:29] Matching transcribed words against censor list...
[2026-07-07 16:35:29] Matched 11 word occurrence(s), producing 11 mute interval(s) after padding/merging.
[2026-07-07 16:35:29] Encoding output with 11 censored interval(s), mode=mute...
[2026-07-07 16:35:30] Done. Wrote censored video: C:\Temp\vidclean\test_05_censored.mp4
[2026-07-07 16:35:30] Done. 11 matched of 189 words; 11 interval(s). Output: C:\Temp\vidclean\test_05_censored.mp4
[2026-07-07 16:35:30] 
[2026-07-07 16:35:30] ===== File 7 of 16:  C:\Temp\vidclean\test_06.mp4 =====

===== 2026-07-07 16:35:30  batch 7/16  input=C:\Temp\vidclean\test_06.mp4  output=C:\Temp\vidclean\test_06_censored.mp4  model=medium  device=auto  mode=mute  pre_pad_ms=150  post_pad_ms=50 =====
[2026-07-07 16:35:30] Input video: C:\Temp\vidclean\test_06.mp4
[2026-07-07 16:35:30] Output video: C:\Temp\vidclean\test_06_censored.mp4
[2026-07-07 16:35:30] FFmpeg folder override: C:\ffmpeg\bin
[2026-07-07 16:35:30] Media duration: 57.02 s
[2026-07-07 16:35:30] Loading censor word list from C:\Temp\Python\censor_words.txt
[2026-07-07 16:35:30] Loaded 10 censor word(s): *fuck*, cunt, shit, bullshit, *bitch*, bastard, damn, hell, asshole, dick*
[2026-07-07 16:35:30] No valid transcript cache found; running full transcription.
[2026-07-07 16:35:30] Extracting audio (mono 16 kHz WAV) with ffmpeg...
[2026-07-07 16:35:31] Device: CUDA auto-detected (NVIDIA RTX A2000 8GB Laptop GPU).
[2026-07-07 16:35:31] Loading Whisper model 'medium'...
[2026-07-07 16:35:51] Transcribing audio (word-level timestamps enabled)...
[2026-07-07 16:35:51] Prepended 'C:\ffmpeg\bin' to PATH for Whisper audio decoding.
[2026-07-07 16:36:23] Whisper progress hook active (first tick at 51.5%).
[2026-07-07 16:36:23] Cancelled during transcription.
[2026-07-07 16:36:23] Pipeline cancelled by user (during transcription).
[2026-07-07 16:36:23] Cancelled: C:\Temp\vidclean\test_06.mp4
[2026-07-07 16:36:23] 
[2026-07-07 16:36:23] Batch complete: 6 succeeded, 0 failed, 1 cancelled, 9 skipped (of 16).
[2026-07-07 16:47:50] Preloading Whisper model for batch...
[2026-07-07 16:47:57] Device: CUDA auto-detected (NVIDIA RTX A2000 8GB Laptop GPU).
[2026-07-07 16:47:58] Loading Whisper model 'medium' on cuda...

===== 2026-07-07 16:48:11  batch 1/6  input=C:\Temp\vidclean\test_00.mp4  output=C:\Temp\vidclean\test_00_censored.mp4  model=medium  device=auto  mode=mute  pre_pad_ms=150  post_pad_ms=50 =====
[2026-07-07 16:48:11] 
[2026-07-07 16:48:11] ===== File 1 of 6:  C:\Temp\vidclean\test_00.mp4 =====
[2026-07-07 16:48:11] Input video: C:\Temp\vidclean\test_00.mp4
[2026-07-07 16:48:11] Output video: C:\Temp\vidclean\test_00_censored.mp4
[2026-07-07 16:48:11] FFmpeg folder override: C:\ffmpeg\bin
[2026-07-07 16:48:19] Media duration: 180.51 s
[2026-07-07 16:48:19] Loading censor word list from C:\Temp\Python\censor_words.txt
[2026-07-07 16:48:26] Loaded 10 censor word(s): *fuck*, cunt, shit, bullshit, *bitch*, bastard, damn, hell, asshole, dick*
[2026-07-07 16:48:26] No valid transcript cache found; running full transcription.
[2026-07-07 16:48:26] Extracting audio (mono 16 kHz WAV) with ffmpeg...
[2026-07-07 16:48:27] Device: CUDA auto-detected (NVIDIA RTX A2000 8GB Laptop GPU).
[2026-07-07 16:48:27] Reusing already-loaded Whisper model 'medium' on cuda.
[2026-07-07 16:48:27] Transcribing audio (word-level timestamps enabled)...
[2026-07-07 16:48:27] Prepended 'C:\ffmpeg\bin' to PATH for Whisper audio decoding.
[2026-07-07 16:48:37] Whisper progress hook active (first tick at 15.8%).
[2026-07-07 16:50:50] Transcription complete: 521 words, 120 segments, language=en.
[2026-07-07 16:50:50] Saved transcript cache: C:\Temp\vidclean\test_00.mp4.transcript.json
[2026-07-07 16:50:50] Matching transcribed words against censor list...
[2026-07-07 16:50:50] Matched 48 word occurrence(s), producing 44 mute interval(s) after padding/merging.
[2026-07-07 16:50:50] Encoding output with 44 censored interval(s), mode=mute...

===== 2026-07-07 16:50:53  batch 2/6  input=C:\Temp\vidclean\test_01.mp4  output=C:\Temp\vidclean\test_01_censored.mp4  model=medium  device=auto  mode=mute  pre_pad_ms=150  post_pad_ms=50 =====
[2026-07-07 16:50:53] Done. Wrote censored video: C:\Temp\vidclean\test_00_censored.mp4
[2026-07-07 16:50:53] Done. 48 matched of 521 words; 44 interval(s). Output: C:\Temp\vidclean\test_00_censored.mp4
[2026-07-07 16:50:53] 
[2026-07-07 16:50:53] ===== File 2 of 6:  C:\Temp\vidclean\test_01.mp4 =====
[2026-07-07 16:50:53] Input video: C:\Temp\vidclean\test_01.mp4
[2026-07-07 16:50:53] Output video: C:\Temp\vidclean\test_01_censored.mp4
[2026-07-07 16:50:53] FFmpeg folder override: C:\ffmpeg\bin
[2026-07-07 16:50:53] Media duration: 182.52 s
[2026-07-07 16:50:53] Loading censor word list from C:\Temp\Python\censor_words.txt
[2026-07-07 16:50:53] Loaded 10 censor word(s): *fuck*, cunt, shit, bullshit, *bitch*, bastard, damn, hell, asshole, dick*
[2026-07-07 16:50:53] No valid transcript cache found; running full transcription.
[2026-07-07 16:50:53] Extracting audio (mono 16 kHz WAV) with ffmpeg...
[2026-07-07 16:50:54] Device: CUDA auto-detected (NVIDIA RTX A2000 8GB Laptop GPU).
[2026-07-07 16:50:54] Reusing already-loaded Whisper model 'medium' on cuda.
[2026-07-07 16:50:54] Transcribing audio (word-level timestamps enabled)...
[2026-07-07 16:50:54] Prepended 'C:\ffmpeg\bin' to PATH for Whisper audio decoding.
[2026-07-07 16:51:24] Whisper progress hook active (first tick at 16.0%).
[2026-07-07 16:54:12] Transcription complete: 504 words, 114 segments, language=en.
[2026-07-07 16:54:12] Saved transcript cache: C:\Temp\vidclean\test_01.mp4.transcript.json
[2026-07-07 16:54:12] Matching transcribed words against censor list...
[2026-07-07 16:54:12] Matched 34 word occurrence(s), producing 32 mute interval(s) after padding/merging.
[2026-07-07 16:54:12] Encoding output with 32 censored interval(s), mode=mute...

===== 2026-07-07 16:54:15  batch 3/6  input=C:\Temp\vidclean\test_02.mp4  output=C:\Temp\vidclean\test_02_censored.mp4  model=medium  device=auto  mode=mute  pre_pad_ms=150  post_pad_ms=50 =====
[2026-07-07 16:54:15] Done. Wrote censored video: C:\Temp\vidclean\test_01_censored.mp4
[2026-07-07 16:54:15] Done. 34 matched of 504 words; 32 interval(s). Output: C:\Temp\vidclean\test_01_censored.mp4
[2026-07-07 16:54:15] 
[2026-07-07 16:54:15] ===== File 3 of 6:  C:\Temp\vidclean\test_02.mp4 =====
[2026-07-07 16:54:15] Input video: C:\Temp\vidclean\test_02.mp4
[2026-07-07 16:54:15] Output video: C:\Temp\vidclean\test_02_censored.mp4
[2026-07-07 16:54:15] FFmpeg folder override: C:\ffmpeg\bin
[2026-07-07 16:54:15] Media duration: 178.08 s
[2026-07-07 16:54:15] Loading censor word list from C:\Temp\Python\censor_words.txt
[2026-07-07 16:54:15] Loaded 10 censor word(s): *fuck*, cunt, shit, bullshit, *bitch*, bastard, damn, hell, asshole, dick*
[2026-07-07 16:54:15] No valid transcript cache found; running full transcription.
[2026-07-07 16:54:15] Extracting audio (mono 16 kHz WAV) with ffmpeg...
[2026-07-07 16:54:16] Device: CUDA auto-detected (NVIDIA RTX A2000 8GB Laptop GPU).
[2026-07-07 16:54:16] Reusing already-loaded Whisper model 'medium' on cuda.
[2026-07-07 16:54:16] Transcribing audio (word-level timestamps enabled)...
[2026-07-07 16:54:16] Prepended 'C:\ffmpeg\bin' to PATH for Whisper audio decoding.
[2026-07-07 16:54:47] Whisper progress hook active (first tick at 16.5%).
[2026-07-07 16:57:33] Transcription complete: 524 words, 106 segments, language=en.
[2026-07-07 16:57:33] Saved transcript cache: C:\Temp\vidclean\test_02.mp4.transcript.json
[2026-07-07 16:57:33] Matching transcribed words against censor list...
[2026-07-07 16:57:33] Matched 35 word occurrence(s), producing 32 mute interval(s) after padding/merging.
[2026-07-07 16:57:33] Encoding output with 32 censored interval(s), mode=mute...

===== 2026-07-07 16:57:36  batch 4/6  input=C:\Temp\vidclean\test_03.mp4  output=C:\Temp\vidclean\test_03_censored.mp4  model=medium  device=auto  mode=mute  pre_pad_ms=150  post_pad_ms=50 =====
[2026-07-07 16:57:36] Done. Wrote censored video: C:\Temp\vidclean\test_02_censored.mp4
[2026-07-07 16:57:36] Done. 35 matched of 524 words; 32 interval(s). Output: C:\Temp\vidclean\test_02_censored.mp4
[2026-07-07 16:57:36] 
[2026-07-07 16:57:36] ===== File 4 of 6:  C:\Temp\vidclean\test_03.mp4 =====
[2026-07-07 16:57:36] Input video: C:\Temp\vidclean\test_03.mp4
[2026-07-07 16:57:36] Output video: C:\Temp\vidclean\test_03_censored.mp4
[2026-07-07 16:57:36] FFmpeg folder override: C:\ffmpeg\bin
[2026-07-07 16:57:36] Media duration: 179.05 s
[2026-07-07 16:57:36] Loading censor word list from C:\Temp\Python\censor_words.txt
[2026-07-07 16:57:36] Loaded 10 censor word(s): *fuck*, cunt, shit, bullshit, *bitch*, bastard, damn, hell, asshole, dick*
[2026-07-07 16:57:36] No valid transcript cache found; running full transcription.
[2026-07-07 16:57:36] Extracting audio (mono 16 kHz WAV) with ffmpeg...
[2026-07-07 16:57:36] Device: CUDA auto-detected (NVIDIA RTX A2000 8GB Laptop GPU).
[2026-07-07 16:57:36] Reusing already-loaded Whisper model 'medium' on cuda.
[2026-07-07 16:57:36] Transcribing audio (word-level timestamps enabled)...
[2026-07-07 16:57:36] Prepended 'C:\ffmpeg\bin' to PATH for Whisper audio decoding.
[2026-07-07 16:58:08] Whisper progress hook active (first tick at 16.6%).
[2026-07-07 16:58:08] Cancelled during transcription.
[2026-07-07 16:58:09] Pipeline cancelled by user (during transcription).
[2026-07-07 16:58:09] Cancelled: C:\Temp\vidclean\test_03.mp4
[2026-07-07 16:58:09] 
[2026-07-07 16:58:09] Batch complete: 3 succeeded, 0 failed, 1 cancelled, 2 skipped (of 6).
[2026-07-07 17:11:36] Preloading Whisper model for batch...
[2026-07-07 17:11:43] Device: CUDA auto-detected (NVIDIA RTX A2000 8GB Laptop GPU).
[2026-07-07 17:11:43] Loading Whisper model 'medium' on cuda...

===== 2026-07-07 17:11:53  batch 1/6  input=C:\Temp\vidclean\test_00.mp4  output=C:\Temp\vidclean\test_00_censored.mp4  model=medium  device=auto  mode=mute  pre_pad_ms=150  post_pad_ms=50 =====
[2026-07-07 17:11:53] 
[2026-07-07 17:11:53] ===== File 1 of 6:  C:\Temp\vidclean\test_00.mp4 =====
[2026-07-07 17:11:53] Input video: C:\Temp\vidclean\test_00.mp4
[2026-07-07 17:11:53] Output video: C:\Temp\vidclean\test_00_censored.mp4
[2026-07-07 17:11:53] FFmpeg folder override: C:\ffmpeg\bin
[2026-07-07 17:11:53] Media duration: 180.51 s
[2026-07-07 17:11:53] Loading censor word list from C:\Temp\Python\censor_words.txt
[2026-07-07 17:11:58] Loaded 11 censor word(s): *fuck*, cunt, shit, bullshit, *bitch*, bastard, *damn, hell, asshole, dick*, jesus christ
[2026-07-07 17:11:58] Using cached transcript: C:\Temp\vidclean\test_00.mp4.transcript.json (521 words, model=medium).
[2026-07-07 17:11:58] Matching transcribed words against censor list...
[2026-07-07 17:11:58] Matched 48 word occurrence(s), producing 44 mute interval(s) after padding/merging.
[2026-07-07 17:11:58] Censored entries (occurrences):
[2026-07-07 17:11:58]     37 x  *fuck*
[2026-07-07 17:11:58]      8 x  shit
[2026-07-07 17:11:58]      1 x  *bitch*
[2026-07-07 17:11:58]      1 x  cunt
[2026-07-07 17:11:58]      1 x  dick*
[2026-07-07 17:11:58] Encoding output with 44 censored interval(s), mode=mute...

===== 2026-07-07 17:12:01  batch 2/6  input=C:\Temp\vidclean\test_01.mp4  output=C:\Temp\vidclean\test_01_censored.mp4  model=medium  device=auto  mode=mute  pre_pad_ms=150  post_pad_ms=50 =====
[2026-07-07 17:12:01] Done. Wrote censored video: C:\Temp\vidclean\test_00_censored.mp4
[2026-07-07 17:12:01] Done. 48 matched of 521 words; 44 interval(s). Output: C:\Temp\vidclean\test_00_censored.mp4
[2026-07-07 17:12:01] 
[2026-07-07 17:12:01] ===== File 2 of 6:  C:\Temp\vidclean\test_01.mp4 =====
[2026-07-07 17:12:01] Input video: C:\Temp\vidclean\test_01.mp4
[2026-07-07 17:12:01] Output video: C:\Temp\vidclean\test_01_censored.mp4
[2026-07-07 17:12:01] FFmpeg folder override: C:\ffmpeg\bin
[2026-07-07 17:12:01] Media duration: 182.52 s
[2026-07-07 17:12:01] Loading censor word list from C:\Temp\Python\censor_words.txt
[2026-07-07 17:12:01] Loaded 11 censor word(s): *fuck*, cunt, shit, bullshit, *bitch*, bastard, *damn, hell, asshole, dick*, jesus christ
[2026-07-07 17:12:01] Using cached transcript: C:\Temp\vidclean\test_01.mp4.transcript.json (504 words, model=medium).
[2026-07-07 17:12:01] Matching transcribed words against censor list...
[2026-07-07 17:12:01] Matched 36 word occurrence(s), producing 33 mute interval(s) after padding/merging.
[2026-07-07 17:12:01] Censored entries (occurrences):
[2026-07-07 17:12:01]     26 x  *fuck*
[2026-07-07 17:12:01]      6 x  shit
[2026-07-07 17:12:01]      2 x  dick*
[2026-07-07 17:12:01]      1 x  jesus christ
[2026-07-07 17:12:01] Encoding output with 33 censored interval(s), mode=mute...

===== 2026-07-07 17:12:04  batch 3/6  input=C:\Temp\vidclean\test_02.mp4  output=C:\Temp\vidclean\test_02_censored.mp4  model=medium  device=auto  mode=mute  pre_pad_ms=150  post_pad_ms=50 =====
[2026-07-07 17:12:04] Done. Wrote censored video: C:\Temp\vidclean\test_01_censored.mp4
[2026-07-07 17:12:04] Done. 36 matched of 504 words; 33 interval(s). Output: C:\Temp\vidclean\test_01_censored.mp4
[2026-07-07 17:12:04] 
[2026-07-07 17:12:04] ===== File 3 of 6:  C:\Temp\vidclean\test_02.mp4 =====
[2026-07-07 17:12:04] Input video: C:\Temp\vidclean\test_02.mp4
[2026-07-07 17:12:04] Output video: C:\Temp\vidclean\test_02_censored.mp4
[2026-07-07 17:12:04] FFmpeg folder override: C:\ffmpeg\bin
[2026-07-07 17:12:04] Media duration: 178.08 s
[2026-07-07 17:12:04] Loading censor word list from C:\Temp\Python\censor_words.txt
[2026-07-07 17:12:04] Loaded 11 censor word(s): *fuck*, cunt, shit, bullshit, *bitch*, bastard, *damn, hell, asshole, dick*, jesus christ
[2026-07-07 17:12:04] Using cached transcript: C:\Temp\vidclean\test_02.mp4.transcript.json (524 words, model=medium).
[2026-07-07 17:12:04] Matching transcribed words against censor list...
[2026-07-07 17:12:04] Matched 35 word occurrence(s), producing 32 mute interval(s) after padding/merging.
[2026-07-07 17:12:05] Censored entries (occurrences):
[2026-07-07 17:12:05]     25 x  *fuck*
[2026-07-07 17:12:05]      6 x  shit
[2026-07-07 17:12:05]      2 x  bullshit
[2026-07-07 17:12:05]      1 x  *bitch*
[2026-07-07 17:12:05]      1 x  cunt
[2026-07-07 17:12:05] Encoding output with 32 censored interval(s), mode=mute...

===== 2026-07-07 17:12:08  batch 4/6  input=C:\Temp\vidclean\test_03.mp4  output=C:\Temp\vidclean\test_03_censored.mp4  model=medium  device=auto  mode=mute  pre_pad_ms=150  post_pad_ms=50 =====
[2026-07-07 17:12:08] Done. Wrote censored video: C:\Temp\vidclean\test_02_censored.mp4
[2026-07-07 17:12:08] Done. 35 matched of 524 words; 32 interval(s). Output: C:\Temp\vidclean\test_02_censored.mp4
[2026-07-07 17:12:08] 
[2026-07-07 17:12:08] ===== File 4 of 6:  C:\Temp\vidclean\test_03.mp4 =====
[2026-07-07 17:12:08] Input video: C:\Temp\vidclean\test_03.mp4
[2026-07-07 17:12:08] Output video: C:\Temp\vidclean\test_03_censored.mp4
[2026-07-07 17:12:08] FFmpeg folder override: C:\ffmpeg\bin
[2026-07-07 17:12:08] Media duration: 179.05 s
[2026-07-07 17:12:08] Loading censor word list from C:\Temp\Python\censor_words.txt
[2026-07-07 17:12:08] Loaded 11 censor word(s): *fuck*, cunt, shit, bullshit, *bitch*, bastard, *damn, hell, asshole, dick*, jesus christ
[2026-07-07 17:12:08] No valid transcript cache found; running full transcription.
[2026-07-07 17:12:08] Extracting audio (mono 16 kHz WAV) with ffmpeg...
[2026-07-07 17:12:08] Device: CUDA auto-detected (NVIDIA RTX A2000 8GB Laptop GPU).
[2026-07-07 17:12:08] Reusing already-loaded Whisper model 'medium' on cuda.
[2026-07-07 17:12:08] Transcribing audio (word-level timestamps enabled)...
[2026-07-07 17:12:08] Prepended 'C:\ffmpeg\bin' to PATH for Whisper audio decoding.
[2026-07-07 17:12:18] Whisper progress hook active (first tick at 16.6%).
[2026-07-07 17:14:35] Transcription complete: 514 words, 105 segments, language=en.
[2026-07-07 17:14:35] Saved transcript cache: C:\Temp\vidclean\test_03.mp4.transcript.json
[2026-07-07 17:14:35] Matching transcribed words against censor list...
[2026-07-07 17:14:35] Matched 33 word occurrence(s), producing 33 mute interval(s) after padding/merging.
[2026-07-07 17:14:35] Censored entries (occurrences):
[2026-07-07 17:14:35]     28 x  *fuck*
[2026-07-07 17:14:35]      1 x  *damn
[2026-07-07 17:14:35]      1 x  bastard
[2026-07-07 17:14:35]      1 x  dick*
[2026-07-07 17:14:35]      1 x  hell
[2026-07-07 17:14:35]      1 x  shit
[2026-07-07 17:14:35] Encoding output with 33 censored interval(s), mode=mute...

===== 2026-07-07 17:14:38  batch 5/6  input=C:\Temp\vidclean\test_04.mp4  output=C:\Temp\vidclean\test_04_censored.mp4  model=medium  device=auto  mode=mute  pre_pad_ms=150  post_pad_ms=50 =====
[2026-07-07 17:14:38] Done. Wrote censored video: C:\Temp\vidclean\test_03_censored.mp4
[2026-07-07 17:14:38] Done. 33 matched of 514 words; 33 interval(s). Output: C:\Temp\vidclean\test_03_censored.mp4
[2026-07-07 17:14:38] 
[2026-07-07 17:14:38] ===== File 5 of 6:  C:\Temp\vidclean\test_04.mp4 =====
[2026-07-07 17:14:38] Input video: C:\Temp\vidclean\test_04.mp4
[2026-07-07 17:14:38] Output video: C:\Temp\vidclean\test_04_censored.mp4
[2026-07-07 17:14:38] FFmpeg folder override: C:\ffmpeg\bin
[2026-07-07 17:14:38] Media duration: 180.15 s
[2026-07-07 17:14:38] Loading censor word list from C:\Temp\Python\censor_words.txt
[2026-07-07 17:14:38] Loaded 11 censor word(s): *fuck*, cunt, shit, bullshit, *bitch*, bastard, *damn, hell, asshole, dick*, jesus christ
[2026-07-07 17:14:38] No valid transcript cache found; running full transcription.
[2026-07-07 17:14:38] Extracting audio (mono 16 kHz WAV) with ffmpeg...
[2026-07-07 17:14:39] Device: CUDA auto-detected (NVIDIA RTX A2000 8GB Laptop GPU).
[2026-07-07 17:14:39] Reusing already-loaded Whisper model 'medium' on cuda.
[2026-07-07 17:14:39] Transcribing audio (word-level timestamps enabled)...
[2026-07-07 17:14:39] Prepended 'C:\ffmpeg\bin' to PATH for Whisper audio decoding.
[2026-07-07 17:15:10] Whisper progress hook active (first tick at 15.9%).
[2026-07-07 17:18:07] Transcription complete: 572 words, 107 segments, language=en.
[2026-07-07 17:18:07] Saved transcript cache: C:\Temp\vidclean\test_04.mp4.transcript.json
[2026-07-07 17:18:07] Matching transcribed words against censor list...
[2026-07-07 17:18:07] Matched 31 word occurrence(s), producing 30 mute interval(s) after padding/merging.
[2026-07-07 17:18:07] Censored entries (occurrences):
[2026-07-07 17:18:07]     25 x  *fuck*
[2026-07-07 17:18:07]      5 x  shit
[2026-07-07 17:18:07]      1 x  *bitch*
[2026-07-07 17:18:07] Encoding output with 30 censored interval(s), mode=mute...

===== 2026-07-07 17:18:11  batch 6/6  input=C:\Temp\vidclean\test_05.mp4  output=C:\Temp\vidclean\test_05_censored.mp4  model=medium  device=auto  mode=mute  pre_pad_ms=150  post_pad_ms=50 =====
[2026-07-07 17:18:11] Done. Wrote censored video: C:\Temp\vidclean\test_04_censored.mp4
[2026-07-07 17:18:11] Done. 31 matched of 572 words; 30 interval(s). Output: C:\Temp\vidclean\test_04_censored.mp4
[2026-07-07 17:18:11] 
[2026-07-07 17:18:11] ===== File 6 of 6:  C:\Temp\vidclean\test_05.mp4 =====
[2026-07-07 17:18:11] Input video: C:\Temp\vidclean\test_05.mp4
[2026-07-07 17:18:11] Output video: C:\Temp\vidclean\test_05_censored.mp4
[2026-07-07 17:18:11] FFmpeg folder override: C:\ffmpeg\bin
[2026-07-07 17:18:11] Media duration: 17.59 s
[2026-07-07 17:18:11] Loading censor word list from C:\Temp\Python\censor_words.txt
[2026-07-07 17:18:11] Loaded 11 censor word(s): *fuck*, cunt, shit, bullshit, *bitch*, bastard, *damn, hell, asshole, dick*, jesus christ
[2026-07-07 17:18:11] No valid transcript cache found; running full transcription.
[2026-07-07 17:18:11] Extracting audio (mono 16 kHz WAV) with ffmpeg...
[2026-07-07 17:18:12] Device: CUDA auto-detected (NVIDIA RTX A2000 8GB Laptop GPU).
[2026-07-07 17:18:12] Reusing already-loaded Whisper model 'medium' on cuda.
[2026-07-07 17:18:12] Transcribing audio (word-level timestamps enabled)...
[2026-07-07 17:18:12] Prepended 'C:\ffmpeg\bin' to PATH for Whisper audio decoding.
[2026-07-07 17:18:25] Whisper progress hook active (first tick at 100.0%).
[2026-07-07 17:18:25] Transcription complete: 39 words, 2 segments, language=en.
[2026-07-07 17:18:25] Saved transcript cache: C:\Temp\vidclean\test_05.mp4.transcript.json
[2026-07-07 17:18:25] Matching transcribed words against censor list...
[2026-07-07 17:18:25] Matched 0 word occurrence(s), producing 0 mute interval(s) after padding/merging.
[2026-07-07 17:18:25] No censored intervals produced; copying audio through unchanged.
[2026-07-07 17:18:25] Encoding output with 0 censored interval(s), mode=mute...
[2026-07-07 17:18:25] Done. Wrote censored video: C:\Temp\vidclean\test_05_censored.mp4
[2026-07-07 17:18:25] Done. 0 matched of 39 words; 0 interval(s). Output: C:\Temp\vidclean\test_05_censored.mp4
[2026-07-07 17:18:25] 
[2026-07-07 17:18:25] Batch complete: 6 succeeded, 0 failed, 0 cancelled, 0 skipped (of 6).
[2026-07-07 18:46:25] Preloading Whisper model for batch...
[2026-07-07 18:46:51] Device: CUDA auto-detected (NVIDIA RTX A2000 8GB Laptop GPU).
[2026-07-07 18:46:52] Loading Whisper model 'medium' on cuda...

===== 2026-07-07 18:47:04  batch 1/1  input=C:\Temp\vidclean\inputs\Major League (1989).avi  output=C:\Temp\vidclean\inputs\Major League (1989)_censored.avi  model=medium  device=auto  mode=mute  pre_pad_ms=150  post_pad_ms=50 =====
[2026-07-07 18:47:04] 
[2026-07-07 18:47:04] ===== File 1 of 1:  C:\Temp\vidclean\inputs\Major League (1989).avi =====
[2026-07-07 18:47:04] Input video: C:\Temp\vidclean\inputs\Major League (1989).avi
[2026-07-07 18:47:04] Output video: C:\Temp\vidclean\inputs\Major League (1989)_censored.avi
[2026-07-07 18:47:04] FFmpeg folder override: C:\ffmpeg\bin
[2026-07-07 18:47:12] Media duration: 6389.97 s
[2026-07-07 18:47:12] Loading censor word list from C:\Temp\Python\censor_words.txt
[2026-07-07 18:47:16] Loaded 11 censor word(s): *fuck*, cunt, shit, bullshit, *bitch*, bastard, *damn, hell, asshole, dick*, jesus christ
[2026-07-07 18:47:16] No valid transcript cache found; running full transcription.
[2026-07-07 18:47:16] Extracting audio (mono 16 kHz WAV) with ffmpeg...
[2026-07-07 18:47:31] Device: CUDA auto-detected (NVIDIA RTX A2000 8GB Laptop GPU).
[2026-07-07 18:47:31] Reusing already-loaded Whisper model 'medium' on cuda.
[2026-07-07 18:47:31] Transcribing audio (word-level timestamps enabled)...
[2026-07-07 18:47:31] Prepended 'C:\ffmpeg\bin' to PATH for Whisper audio decoding.
[2026-07-07 18:47:41] Whisper progress hook active (first tick at 0.3%).
[2026-07-07 19:51:37] Transcription complete: 9513 words, 1554 segments, language=en.
[2026-07-07 19:51:37] Saved transcript cache: C:\Temp\vidclean\inputs\Major League (1989).avi.transcript.json
[2026-07-07 19:51:37] Matching transcribed words against censor list...
[2026-07-07 19:51:38] Matched 77 word occurrence(s), producing 72 mute interval(s) after padding/merging.
[2026-07-07 19:51:38] Censored entries (occurrences):
[2026-07-07 19:51:38]     26 x  shit
[2026-07-07 19:51:38]     18 x  *fuck*
[2026-07-07 19:51:38]     10 x  hell
[2026-07-07 19:51:38]      5 x  *damn
[2026-07-07 19:51:38]      5 x  dick*
[2026-07-07 19:51:38]      3 x  *bitch*
[2026-07-07 19:51:38]      3 x  bullshit
[2026-07-07 19:51:38]      3 x  jesus christ
[2026-07-07 19:51:38]      1 x  asshole
[2026-07-07 19:51:38] Encoding output with 72 censored interval(s), mode=mute...
[2026-07-07 19:53:27] Done. Wrote censored video: C:\Temp\vidclean\inputs\Major League (1989)_censored.avi
[2026-07-07 19:53:27] Done. 77 matched of 9513 words; 72 interval(s). Output: C:\Temp\vidclean\inputs\Major League (1989)_censored.avi
[2026-07-07 19:53:27] 
[2026-07-07 19:53:27] Batch complete: 1 succeeded, 0 failed, 0 cancelled, 0 skipped (of 1).
[2026-07-07 22:09:54] Preloading Whisper model for batch...
[2026-07-07 22:10:22] Device: CUDA auto-detected (NVIDIA RTX A2000 8GB Laptop GPU).
[2026-07-07 22:10:22] Loading Whisper model 'medium' on cuda...

===== 2026-07-07 22:10:34  batch 1/1  input=C:\Temp\vidclean\inputs\Major League (1989).avi  output=C:\Temp\vidclean\inputs\Major League (1989)_censored.avi  model=medium  device=auto  mode=mute  pre_pad_ms=150  post_pad_ms=50  audio_delay_ms=100 =====
[2026-07-07 22:10:34] 
[2026-07-07 22:10:34] ===== File 1 of 1:  C:\Temp\vidclean\inputs\Major League (1989).avi =====
[2026-07-07 22:10:34] Input video: C:\Temp\vidclean\inputs\Major League (1989).avi
[2026-07-07 22:10:34] Output video: C:\Temp\vidclean\inputs\Major League (1989)_censored.avi
[2026-07-07 22:10:34] FFmpeg folder override: C:\ffmpeg\bin
[2026-07-07 22:10:42] Media duration: 6389.97 s
[2026-07-07 22:10:42] Loading censor word list from C:\Temp\Python\censor_words.txt
[2026-07-07 22:10:46] Loaded 13 censor word(s): *fuck*, cunt, shit, bullshit, *bitch*, bastard, *damn, hell, asshole, dick*, jesus christ, jesus, christ
[2026-07-07 22:10:46] Using cached transcript: C:\Temp\vidclean\inputs\Major League (1989).avi.transcript.json (9513 words, model=medium).
[2026-07-07 22:10:46] Matching transcribed words against censor list...
[2026-07-07 22:10:46] Matched 84 word occurrence(s), producing 79 mute interval(s) after padding/merging.
[2026-07-07 22:10:46] Censored entries (occurrences):
[2026-07-07 22:10:46]     26 x  shit
[2026-07-07 22:10:46]     18 x  *fuck*
[2026-07-07 22:10:46]     10 x  hell
[2026-07-07 22:10:46]      5 x  *damn
[2026-07-07 22:10:46]      5 x  dick*
[2026-07-07 22:10:46]      5 x  jesus
[2026-07-07 22:10:46]      3 x  *bitch*
[2026-07-07 22:10:46]      3 x  bullshit
[2026-07-07 22:10:46]      3 x  jesus christ
[2026-07-07 22:10:46]      2 x  christ
[2026-07-07 22:10:46]      1 x  asshole
[2026-07-07 22:10:46] Encoding output with 79 censored interval(s), mode=mute, audio_delay_ms=100...
[2026-07-07 22:12:27] Done. Wrote censored video: C:\Temp\vidclean\inputs\Major League (1989)_censored.avi
[2026-07-07 22:12:27] Done. 84 matched of 9513 words; 79 interval(s). Output: C:\Temp\vidclean\inputs\Major League (1989)_censored.avi
[2026-07-07 22:12:27] 
[2026-07-07 22:12:27] Batch complete: 1 succeeded, 0 failed, 0 cancelled, 0 skipped (of 1).
[2026-07-07 22:13:42] Preloading Whisper model for batch...
[2026-07-07 22:13:42] Device: CUDA auto-detected (NVIDIA RTX A2000 8GB Laptop GPU).
[2026-07-07 22:13:42] Reusing already-loaded Whisper model 'medium' on cuda.
[2026-07-07 22:13:42] 
[2026-07-07 22:13:42] ===== File 1 of 1:  C:\Temp\vidclean\inputs\Major League (1989).avi =====

===== 2026-07-07 22:13:42  batch 1/1  input=C:\Temp\vidclean\inputs\Major League (1989).avi  output=C:\Temp\vidclean\inputs\Major League (1989)_censored.avi  model=medium  device=auto  mode=mute  pre_pad_ms=150  post_pad_ms=50  audio_delay_ms=200 =====
[2026-07-07 22:13:42] Input video: C:\Temp\vidclean\inputs\Major League (1989).avi
[2026-07-07 22:13:42] Output video: C:\Temp\vidclean\inputs\Major League (1989)_censored.avi
[2026-07-07 22:13:42] FFmpeg folder override: C:\ffmpeg\bin
[2026-07-07 22:13:42] Media duration: 6389.97 s
[2026-07-07 22:13:42] Loading censor word list from C:\Temp\Python\censor_words.txt
[2026-07-07 22:13:42] Loaded 13 censor word(s): *fuck*, cunt, shit, bullshit, *bitch*, bastard, *damn, hell, asshole, dick*, jesus christ, jesus, christ
[2026-07-07 22:13:42] Using cached transcript: C:\Temp\vidclean\inputs\Major League (1989).avi.transcript.json (9513 words, model=medium).
[2026-07-07 22:13:42] Matching transcribed words against censor list...
[2026-07-07 22:13:42] Matched 84 word occurrence(s), producing 79 mute interval(s) after padding/merging.
[2026-07-07 22:13:42] Censored entries (occurrences):
[2026-07-07 22:13:42]     26 x  shit
[2026-07-07 22:13:42]     18 x  *fuck*
[2026-07-07 22:13:42]     10 x  hell
[2026-07-07 22:13:42]      5 x  *damn
[2026-07-07 22:13:42]      5 x  dick*
[2026-07-07 22:13:42]      5 x  jesus
[2026-07-07 22:13:42]      3 x  *bitch*
[2026-07-07 22:13:42]      3 x  bullshit
[2026-07-07 22:13:42]      3 x  jesus christ
[2026-07-07 22:13:42]      2 x  christ
[2026-07-07 22:13:42]      1 x  asshole
[2026-07-07 22:13:42] Encoding output with 79 censored interval(s), mode=mute, audio_delay_ms=200...
[2026-07-07 22:15:16] Done. Wrote censored video: C:\Temp\vidclean\inputs\Major League (1989)_censored.avi
[2026-07-07 22:15:16] Done. 84 matched of 9513 words; 79 interval(s). Output: C:\Temp\vidclean\inputs\Major League (1989)_censored.avi
[2026-07-07 22:15:16] 
[2026-07-07 22:15:16] Batch complete: 1 succeeded, 0 failed, 0 cancelled, 0 skipped (of 1).

===== 2026-07-07 22:33:57  batch 1/1  input=C:\Temp\vidclean\inputs\Major League (1989).avi  output=C:\Temp\vidclean\inputs\Major League (1989)_censored.avi  model=medium  device=auto  mode=mute  pre_pad_ms=150  post_pad_ms=50  audio_delay_ms=200 =====
[2026-07-07 22:33:57] Preloading Whisper model for batch...
[2026-07-07 22:33:57] Device: CUDA auto-detected (NVIDIA RTX A2000 8GB Laptop GPU).
[2026-07-07 22:33:57] Reusing already-loaded Whisper model 'medium' on cuda.
[2026-07-07 22:33:57] 
[2026-07-07 22:33:57] ===== File 1 of 1:  C:\Temp\vidclean\inputs\Major League (1989).avi =====
[2026-07-07 22:33:57] Input video: C:\Temp\vidclean\inputs\Major League (1989).avi
[2026-07-07 22:33:57] Output video: C:\Temp\vidclean\inputs\Major League (1989)_censored.avi
[2026-07-07 22:33:57] FFmpeg folder override: C:\ffmpeg\bin
[2026-07-07 22:33:58] Media duration: 6389.97 s
[2026-07-07 22:33:58] Loading censor word list from C:\Temp\Python\censor_words.txt
[2026-07-07 22:33:58] Loaded 13 censor word(s): *fuck*, cunt, shit, bullshit, *bitch*, bastard, *damn, hell, asshole, dick*, jesus christ, jesus, christ
[2026-07-07 22:33:58] Using cached transcript: C:\Temp\vidclean\inputs\Major League (1989).avi.transcript.json (9513 words, model=medium).
[2026-07-07 22:33:58] Matching transcribed words against censor list...
[2026-07-07 22:33:58] Matched 84 word occurrence(s), producing 79 mute interval(s) after padding/merging.
[2026-07-07 22:33:58] Censored entries (occurrences):
[2026-07-07 22:33:58]     26 x  shit
[2026-07-07 22:33:58]     18 x  *fuck*
[2026-07-07 22:33:58]     10 x  hell
[2026-07-07 22:33:58]      5 x  *damn
[2026-07-07 22:33:58]      5 x  dick*
[2026-07-07 22:33:58]      5 x  jesus
[2026-07-07 22:33:58]      3 x  *bitch*
[2026-07-07 22:33:58]      3 x  bullshit
[2026-07-07 22:33:58]      3 x  jesus christ
[2026-07-07 22:33:58]      2 x  christ
[2026-07-07 22:33:58]      1 x  asshole
[2026-07-07 22:33:58] Encoding output with 79 censored interval(s), mode=mute, audio_delay_ms=200...
[2026-07-07 22:35:32] Done. Wrote censored video: C:\Temp\vidclean\inputs\Major League (1989)_censored.avi
[2026-07-07 22:35:32] Done. 84 matched of 9513 words; 79 interval(s). Output: C:\Temp\vidclean\inputs\Major League (1989)_censored.avi
[2026-07-07 22:35:32] 
[2026-07-07 22:35:32] Batch complete: 1 succeeded, 0 failed, 0 cancelled, 0 skipped (of 1).
[2026-07-08 09:41:38] Preloading Whisper model for batch...
[2026-07-08 09:42:06] Device: CUDA auto-detected (NVIDIA RTX A2000 8GB Laptop GPU).
[2026-07-08 09:42:07] Loading faster-whisper model 'medium' on cuda (compute_type=float16)...

===== 2026-07-08 09:42:07  batch 1/1  input=C:\Temp\vidclean\inputs\test_00.mp4  output=C:\Temp\vidclean\inputs\test_00_censored.mp4  engine=faster-whisper  model=medium  device=auto  mode=mute  pre_pad_ms=150  post_pad_ms=50  audio_delay_ms=200 =====
[2026-07-08 09:42:07] Warning: model preload failed (Got: ConnectError: [SSL: CERTIFICATE_VERIFY_FAILED] certificate verify failed: self-signed certificate in certificate chain (_ssl.c:1028)
An error happened while trying to locate the files on the Hub, and we cannot find the appropriate snapshot folder for the specified revision on the local disk. Please check your internet connection and try again.); will retry per-file.
[2026-07-08 09:42:07] 
[2026-07-08 09:42:07] ===== File 1 of 1:  C:\Temp\vidclean\inputs\test_00.mp4 =====
[2026-07-08 09:42:07] Input video: C:\Temp\vidclean\inputs\test_00.mp4
[2026-07-08 09:42:07] Output video: C:\Temp\vidclean\inputs\test_00_censored.mp4
[2026-07-08 09:42:07] FFmpeg folder override: C:\ffmpeg\bin
[2026-07-08 09:42:18] Media duration: 180.51 s
[2026-07-08 09:42:18] Loading censor word list from C:\Temp\Python\censor_words.txt
[2026-07-08 09:42:22] Loaded 13 censor word(s): *fuck*, cunt, shit, bullshit, *bitch*, bastard, *damn, hell, asshole, dick*, jesus christ, jesus, christ
[2026-07-08 09:42:22] No valid transcript cache found; running full transcription.
[2026-07-08 09:42:22] Extracting audio (mono 16 kHz WAV) with ffmpeg...
[2026-07-08 09:42:33] Device: CUDA auto-detected (NVIDIA RTX A2000 8GB Laptop GPU).
[2026-07-08 09:42:33] Loading faster-whisper model 'medium' on cuda (compute_type=float16)...
[2026-07-08 09:42:33] ERROR: C:\Temp\vidclean\inputs\test_00.mp4: Got: ConnectError: [SSL: CERTIFICATE_VERIFY_FAILED] certificate verify failed: self-signed certificate in certificate chain (_ssl.c:1028)
An error happened while trying to locate the files on the Hub, and we cannot find the appropriate snapshot folder for the specified revision on the local disk. Please check your internet connection and try again.
[2026-07-08 09:42:33] 
[2026-07-08 09:42:33] Batch complete: 0 succeeded, 1 failed, 0 cancelled, 0 skipped (of 1).
[2026-07-08 09:59:19] Preloading Whisper model for batch...
[2026-07-08 09:59:33] Device: CUDA auto-detected (NVIDIA RTX A2000 8GB Laptop GPU).
[2026-07-08 09:59:34] Loading faster-whisper model 'medium' on cuda (compute_type=float16)...
[2026-07-08 09:59:35] faster-whisper model download failed with an SSL certificate verification error. Retrying with certificate verification DISABLED (corporate SSL proxy workaround). This is safe if you trust the network you are on.

===== 2026-07-08 09:59:35  batch 1/1  input=C:\Temp\vidclean\inputs\test_00.mp4  output=C:\Temp\vidclean\inputs\test_00_censored.mp4  engine=faster-whisper  model=medium  device=auto  mode=mute  pre_pad_ms=150  post_pad_ms=50  audio_delay_ms=200 =====
[2026-07-08 09:59:35] Disabled TLS verification for huggingface_hub / requests for this session (corporate SSL workaround).
[2026-07-08 09:59:35] Warning: model preload failed (Got: ConnectError: [SSL: CERTIFICATE_VERIFY_FAILED] certificate verify failed: self-signed certificate in certificate chain (_ssl.c:1028)
An error happened while trying to locate the files on the Hub, and we cannot find the appropriate snapshot folder for the specified revision on the local disk. Please check your internet connection and try again.); will retry per-file.
[2026-07-08 09:59:35] 
[2026-07-08 09:59:35] ===== File 1 of 1:  C:\Temp\vidclean\inputs\test_00.mp4 =====
[2026-07-08 09:59:35] Input video: C:\Temp\vidclean\inputs\test_00.mp4
[2026-07-08 09:59:35] Output video: C:\Temp\vidclean\inputs\test_00_censored.mp4
[2026-07-08 09:59:35] FFmpeg folder override: C:\ffmpeg\bin
[2026-07-08 09:59:38] Media duration: 180.51 s
[2026-07-08 09:59:38] Loading censor word list from C:\Temp\Python\censor_words.txt
[2026-07-08 09:59:45] Loaded 13 censor word(s): *fuck*, cunt, shit, bullshit, *bitch*, bastard, *damn, hell, asshole, dick*, jesus christ, jesus, christ
[2026-07-08 09:59:45] No valid transcript cache found; running full transcription.
[2026-07-08 09:59:45] Extracting audio (mono 16 kHz WAV) with ffmpeg...
[2026-07-08 09:59:53] Device: CUDA auto-detected (NVIDIA RTX A2000 8GB Laptop GPU).
[2026-07-08 09:59:53] Loading faster-whisper model 'medium' on cuda (compute_type=float16)...
[2026-07-08 09:59:53] faster-whisper model download failed with an SSL certificate verification error. Retrying with certificate verification DISABLED (corporate SSL proxy workaround). This is safe if you trust the network you are on.
[2026-07-08 09:59:53] ERROR: C:\Temp\vidclean\inputs\test_00.mp4: Got: ConnectError: [SSL: CERTIFICATE_VERIFY_FAILED] certificate verify failed: self-signed certificate in certificate chain (_ssl.c:1028)
An error happened while trying to locate the files on the Hub, and we cannot find the appropriate snapshot folder for the specified revision on the local disk. Please check your internet connection and try again.
[2026-07-08 09:59:53] 
[2026-07-08 09:59:53] Batch complete: 0 succeeded, 1 failed, 0 cancelled, 0 skipped (of 1).
[2026-07-08 10:06:18] Preloading Whisper model for batch...
[2026-07-08 10:06:39] Device: CUDA auto-detected (NVIDIA RTX A2000 8GB Laptop GPU).
[2026-07-08 10:06:39] Loading faster-whisper model 'medium' on cuda (compute_type=float16)...
[2026-07-08 10:06:39] faster-whisper model download failed with an SSL certificate verification error. Retrying with certificate verification DISABLED (corporate SSL proxy workaround). This is safe if you trust the network you are on.

===== 2026-07-08 10:06:40  batch 1/1  input=C:\Temp\vidclean\inputs\test_00.mp4  output=C:\Temp\vidclean\inputs\test_00_censored.mp4  engine=faster-whisper  model=medium  device=auto  mode=mute  pre_pad_ms=150  post_pad_ms=50  audio_delay_ms=200 =====
[2026-07-08 10:06:40] Disabled TLS verification for huggingface_hub for this session (corporate SSL workaround).
[2026-07-08 10:06:40] Warning: model preload failed ([WinError 10054] An existing connection was forcibly closed by the remote host); will retry per-file.
[2026-07-08 10:06:40] 
[2026-07-08 10:06:40] ===== File 1 of 1:  C:\Temp\vidclean\inputs\test_00.mp4 =====
[2026-07-08 10:06:40] Input video: C:\Temp\vidclean\inputs\test_00.mp4
[2026-07-08 10:06:40] Output video: C:\Temp\vidclean\inputs\test_00_censored.mp4
[2026-07-08 10:06:40] FFmpeg folder override: C:\ffmpeg\bin
[2026-07-08 10:06:43] Media duration: 180.51 s
[2026-07-08 10:06:43] Loading censor word list from C:\Temp\Python\censor_words.txt
[2026-07-08 10:06:46] Loaded 13 censor word(s): *fuck*, cunt, shit, bullshit, *bitch*, bastard, *damn, hell, asshole, dick*, jesus christ, jesus, christ
[2026-07-08 10:06:46] No valid transcript cache found; running full transcription.
[2026-07-08 10:06:46] Extracting audio (mono 16 kHz WAV) with ffmpeg...
[2026-07-08 10:06:46] Device: CUDA auto-detected (NVIDIA RTX A2000 8GB Laptop GPU).
[2026-07-08 10:06:46] Loading faster-whisper model 'medium' on cuda (compute_type=float16)...
[2026-07-08 10:06:46] ERROR: C:\Temp\vidclean\inputs\test_00.mp4: [WinError 10054] An existing connection was forcibly closed by the remote host
[2026-07-08 10:06:46] 
[2026-07-08 10:06:46] Batch complete: 0 succeeded, 1 failed, 0 cancelled, 0 skipped (of 1).
[2026-07-08 14:44:12] Preloading Whisper model for batch...
[2026-07-08 14:44:38] Device: CUDA auto-detected (NVIDIA RTX A2000 8GB Laptop GPU).
[2026-07-08 14:44:39] Loading openai-whisper model 'medium' on cuda...
[2026-07-08 14:44:52] 
[2026-07-08 14:44:52] ===== File 1 of 1:  C:\Temp\vidclean\inputs\test_00.mp4 =====

===== 2026-07-08 14:44:52  batch 1/1  input=C:\Temp\vidclean\inputs\test_00.mp4  output=C:\Temp\vidclean\inputs\test_00_censored.mp4  engine=openai-whisper  model=medium  device=auto  mode=mute  pre_pad_ms=150  post_pad_ms=50  audio_delay_ms=0 =====
[2026-07-08 14:44:52] Input video: C:\Temp\vidclean\inputs\test_00.mp4
[2026-07-08 14:44:52] Output video: C:\Temp\vidclean\inputs\test_00_censored.mp4
[2026-07-08 14:44:52] FFmpeg folder override: C:\ffmpeg\bin
[2026-07-08 14:45:04] Media duration: 180.51 s
[2026-07-08 14:45:04] Loading censor word list from C:\Temp\Python\censor_words.txt
[2026-07-08 14:45:08] Loaded 13 censor word(s): *fuck*, cunt, shit, bullshit, *bitch*, bastard, *damn, hell, asshole, dick*, jesus christ, jesus, christ
[2026-07-08 14:45:08] No valid transcript cache found; running full transcription.
[2026-07-08 14:45:08] Extracting audio (mono 16 kHz WAV) with ffmpeg...
[2026-07-08 14:45:16] Device: CUDA auto-detected (NVIDIA RTX A2000 8GB Laptop GPU).
[2026-07-08 14:45:16] Reusing already-loaded openai-whisper model 'medium' on cuda.
[2026-07-08 14:45:16] Transcribing audio via openai-whisper (word-level timestamps enabled)...
[2026-07-08 14:45:16] Prepended 'C:\ffmpeg\bin' to PATH for Whisper audio decoding.
[2026-07-08 14:45:26] Whisper progress hook active (first tick at 15.8%).
[2026-07-08 14:47:24] Transcription complete: 521 words, 120 segments, language=en.
[2026-07-08 14:47:24] Saved transcript cache: C:\Temp\vidclean\inputs\test_00.mp4.transcript.json
[2026-07-08 14:47:24] Matching transcribed words against censor list...
[2026-07-08 14:47:24] Matched 48 word occurrence(s), producing 44 mute interval(s) after padding/merging.
[2026-07-08 14:47:24] Censored entries (occurrences):
[2026-07-08 14:47:24]     37 x  *fuck*
[2026-07-08 14:47:24]      8 x  shit
[2026-07-08 14:47:24]      1 x  *bitch*
[2026-07-08 14:47:24]      1 x  cunt
[2026-07-08 14:47:24]      1 x  dick*
[2026-07-08 14:47:24] Encoding output with 44 censored interval(s), mode=mute...
[2026-07-08 14:47:27] Done. Wrote censored video: C:\Temp\vidclean\inputs\test_00_censored.mp4
[2026-07-08 14:47:27] Done. 48 matched of 521 words; 44 interval(s). Output: C:\Temp\vidclean\inputs\test_00_censored.mp4
[2026-07-08 14:47:27] 
[2026-07-08 14:47:27] Batch complete: 1 succeeded, 0 failed, 0 cancelled, 0 skipped (of 1).
[2026-07-08 16:04:55] Preloading Whisper model for batch...
[2026-07-08 16:05:22] Device: CUDA auto-detected (NVIDIA RTX A2000 8GB Laptop GPU).
[2026-07-08 16:05:23] Loading faster-whisper model 'C:\models\faster-whisper-medium' on cuda (compute_type=float16)...

===== 2026-07-08 16:05:27  batch 1/1  input=C:\Temp\vidclean\inputs\test_00.mp4  output=C:\Temp\vidclean\inputs\test_00_censored.mp4  engine=faster-whisper  model=medium  device=auto  mode=mute  pre_pad_ms=150  post_pad_ms=50  audio_delay_ms=0 =====
[2026-07-08 16:05:27] 
[2026-07-08 16:05:27] ===== File 1 of 1:  C:\Temp\vidclean\inputs\test_00.mp4 =====
[2026-07-08 16:05:27] Input video: C:\Temp\vidclean\inputs\test_00.mp4
[2026-07-08 16:05:27] Output video: C:\Temp\vidclean\inputs\test_00_censored.mp4
[2026-07-08 16:05:27] FFmpeg folder override: C:\ffmpeg\bin
[2026-07-08 16:05:38] Media duration: 180.51 s
[2026-07-08 16:05:38] Loading censor word list from C:\Temp\Python\censor_words.txt
[2026-07-08 16:05:42] Loaded 13 censor word(s): *fuck*, cunt, shit, bullshit, *bitch*, bastard, *damn, hell, asshole, dick*, jesus christ, jesus, christ
[2026-07-08 16:05:42] No valid transcript cache found; running full transcription.
[2026-07-08 16:05:42] Extracting audio (mono 16 kHz WAV) with ffmpeg...
[2026-07-08 16:05:50] Device: CUDA auto-detected (NVIDIA RTX A2000 8GB Laptop GPU).
[2026-07-08 16:05:50] Reusing already-loaded faster-whisper model 'C:\models\faster-whisper-medium' on cuda.
[2026-07-08 16:05:50] Transcribing audio via faster-whisper (word-level timestamps enabled)...
[2026-07-08 16:05:50] Prepended 'C:\ffmpeg\bin' to PATH for Whisper audio decoding.
[2026-07-08 16:06:14] Transcription complete: 516 words, 119 segments, language=en.
[2026-07-08 16:06:14] Saved transcript cache: C:\Temp\vidclean\inputs\test_00.mp4.transcript.json
[2026-07-08 16:06:14] Matching transcribed words against censor list...
[2026-07-08 16:06:14] Matched 48 word occurrence(s), producing 44 mute interval(s) after padding/merging.
[2026-07-08 16:06:14] Censored entries (occurrences):
[2026-07-08 16:06:14]     37 x  *fuck*
[2026-07-08 16:06:14]      8 x  shit
[2026-07-08 16:06:14]      1 x  *bitch*
[2026-07-08 16:06:14]      1 x  cunt
[2026-07-08 16:06:14]      1 x  dick*
[2026-07-08 16:06:14] Encoding output with 44 censored interval(s), mode=mute...
[2026-07-08 16:06:17] Done. Wrote censored video: C:\Temp\vidclean\inputs\test_00_censored.mp4
[2026-07-08 16:06:17] Done. 48 matched of 516 words; 44 interval(s). Output: C:\Temp\vidclean\inputs\test_00_censored.mp4
[2026-07-08 16:06:17] 
[2026-07-08 16:06:17] Batch complete: 1 succeeded, 0 failed, 0 cancelled, 0 skipped (of 1).

===== 2026-07-08 16:10:22  batch 1/1  input=C:\Temp\vidclean\inputs\Major League (1989).avi  output=C:\Temp\vidclean\inputs\Major League (1989)_censored.avi  engine=faster-whisper  model=medium  device=auto  mode=mute  pre_pad_ms=150  post_pad_ms=50  audio_delay_ms=200 =====
[2026-07-08 16:10:22] Preloading Whisper model for batch...
[2026-07-08 16:10:22] Device: CUDA auto-detected (NVIDIA RTX A2000 8GB Laptop GPU).
[2026-07-08 16:10:22] Reusing already-loaded faster-whisper model 'C:\models\faster-whisper-medium' on cuda.
[2026-07-08 16:10:22] 
[2026-07-08 16:10:22] ===== File 1 of 1:  C:\Temp\vidclean\inputs\Major League (1989).avi =====
[2026-07-08 16:10:22] Input video: C:\Temp\vidclean\inputs\Major League (1989).avi
[2026-07-08 16:10:22] Output video: C:\Temp\vidclean\inputs\Major League (1989)_censored.avi
[2026-07-08 16:10:22] FFmpeg folder override: C:\ffmpeg\bin
[2026-07-08 16:10:25] Media duration: 6389.97 s
[2026-07-08 16:10:25] Loading censor word list from C:\Temp\Python\censor_words.txt
[2026-07-08 16:10:25] Loaded 13 censor word(s): *fuck*, cunt, shit, bullshit, *bitch*, bastard, *damn, hell, asshole, dick*, jesus christ, jesus, christ
[2026-07-08 16:10:25] No valid transcript cache found; running full transcription.
[2026-07-08 16:10:25] Extracting audio (mono 16 kHz WAV) with ffmpeg...
[2026-07-08 16:10:32] Device: CUDA auto-detected (NVIDIA RTX A2000 8GB Laptop GPU).
[2026-07-08 16:10:32] Reusing already-loaded faster-whisper model 'C:\models\faster-whisper-medium' on cuda.
[2026-07-08 16:10:32] Transcribing audio via faster-whisper (word-level timestamps enabled)...
[2026-07-08 16:10:32] Prepended 'C:\ffmpeg\bin' to PATH for Whisper audio decoding.
[2026-07-08 16:48:20] Transcription complete: 9774 words, 1762 segments, language=en.
[2026-07-08 16:48:20] Saved transcript cache: C:\Temp\vidclean\inputs\Major League (1989).avi.transcript.json
[2026-07-08 16:48:20] Matching transcribed words against censor list...
[2026-07-08 16:48:20] Matched 88 word occurrence(s), producing 83 mute interval(s) after padding/merging.
[2026-07-08 16:48:20] Censored entries (occurrences):
[2026-07-08 16:48:20]     26 x  shit
[2026-07-08 16:48:20]     20 x  *fuck*
[2026-07-08 16:48:20]     10 x  hell
[2026-07-08 16:48:20]      5 x  *damn
[2026-07-08 16:48:20]      5 x  dick*
[2026-07-08 16:48:20]      5 x  jesus
[2026-07-08 16:48:20]      4 x  jesus christ
[2026-07-08 16:48:20]      3 x  *bitch*
[2026-07-08 16:48:20]      3 x  bullshit
[2026-07-08 16:48:20]      2 x  christ
[2026-07-08 16:48:20]      1 x  asshole
[2026-07-08 16:48:20] Encoding output with 83 censored interval(s), mode=mute, audio_delay_ms=200...
[2026-07-08 16:50:39] Done. Wrote censored video: C:\Temp\vidclean\inputs\Major League (1989)_censored.avi
[2026-07-08 16:50:39] Done. 88 matched of 9774 words; 83 interval(s). Output: C:\Temp\vidclean\inputs\Major League (1989)_censored.avi
[2026-07-08 16:50:39] 
[2026-07-08 16:50:39] Batch complete: 1 succeeded, 0 failed, 0 cancelled, 0 skipped (of 1).

===== 2026-07-08 23:18:42  batch 1/1  input=C:\Temp\vidclean\inputs\Commando.(1985).mp4  output=C:\Temp\vidclean\inputs\Commando.(1985)_censored.mp4  engine=faster-whisper  model=medium.en  device=auto  mode=mute  pre_pad_ms=150  post_pad_ms=50  audio_delay_ms=0 =====
[2026-07-08 23:18:42] Preloading Whisper model for batch...
[2026-07-08 23:18:42] Warning: model preload failed (PyTorch is required. Install with:  pip install torch); will retry per-file.
[2026-07-08 23:18:42] 
[2026-07-08 23:18:42] ===== File 1 of 1:  C:\Temp\vidclean\inputs\Commando.(1985).mp4 =====
[2026-07-08 23:18:42] Input video: C:\Temp\vidclean\inputs\Commando.(1985).mp4
[2026-07-08 23:18:42] Output video: C:\Temp\vidclean\inputs\Commando.(1985)_censored.mp4
[2026-07-08 23:18:42] FFmpeg folder override: C:\ffmpeg\bin
[2026-07-08 23:18:53] Media duration: 5415.95 s
[2026-07-08 23:18:53] Loading censor word list from C:\Temp\Python\censor_words.txt
[2026-07-08 23:18:53] ERROR: C:\Temp\vidclean\inputs\Commando.(1985).mp4: NLTK data (wordnet / omw-1.4) is required for derivative matching.

No module named 'nltk'
[2026-07-08 23:18:53] 
[2026-07-08 23:18:53] Batch complete: 0 succeeded, 1 failed, 0 cancelled, 0 skipped (of 1).
[2026-07-08 23:19:21] Preloading Whisper model for batch...
[2026-07-08 23:19:49] Device: CUDA auto-detected (NVIDIA RTX A2000 8GB Laptop GPU).
[2026-07-08 23:19:49] Loading faster-whisper model 'C:\models\faster-whisper-medium.en' on cuda (compute_type=float16)...

===== 2026-07-08 23:19:53  batch 1/1  input=C:\Temp\vidclean\inputs\Commando.(1985).mp4  output=C:\Temp\vidclean\inputs\Commando.(1985)_censored.mp4  engine=faster-whisper  model=medium.en  device=auto  mode=mute  pre_pad_ms=150  post_pad_ms=50  audio_delay_ms=0 =====
[2026-07-08 23:19:53] 
[2026-07-08 23:19:53] ===== File 1 of 1:  C:\Temp\vidclean\inputs\Commando.(1985).mp4 =====
[2026-07-08 23:19:53] Input video: C:\Temp\vidclean\inputs\Commando.(1985).mp4
[2026-07-08 23:19:53] Output video: C:\Temp\vidclean\inputs\Commando.(1985)_censored.mp4
[2026-07-08 23:19:53] FFmpeg folder override: C:\ffmpeg\bin
[2026-07-08 23:19:56] Media duration: 5415.95 s
[2026-07-08 23:19:56] Loading censor word list from C:\Temp\Python\censor_words.txt
[2026-07-08 23:20:00] Loaded 13 censor word(s): *fuck*, cunt, shit, bullshit, *bitch*, bastard, *damn, hell, asshole, dick*, jesus christ, jesus, christ
[2026-07-08 23:20:00] No valid transcript cache found; running full transcription.
[2026-07-08 23:20:00] Extracting audio (mono 16 kHz WAV) with ffmpeg...
[2026-07-08 23:20:12] Device: CUDA auto-detected (NVIDIA RTX A2000 8GB Laptop GPU).
[2026-07-08 23:20:12] Reusing already-loaded faster-whisper model 'C:\models\faster-whisper-medium.en' on cuda.
[2026-07-08 23:20:12] Transcribing audio via faster-whisper (word-level timestamps enabled)...
[2026-07-08 23:20:12] Prepended 'C:\ffmpeg\bin' to PATH for Whisper audio decoding.
[2026-07-08 23:32:19] Transcription complete: 3190 words, 500 segments, language=en.
[2026-07-08 23:32:19] Saved transcript cache: C:\Temp\vidclean\inputs\Commando.(1985).mp4.transcript.json
[2026-07-08 23:32:19] Matching transcribed words against censor list...
[2026-07-08 23:32:19] Matched 22 word occurrence(s), producing 19 mute interval(s) after padding/merging.
[2026-07-08 23:32:19] Censored entries (occurrences):
[2026-07-08 23:32:19]      8 x  *fuck*
[2026-07-08 23:32:19]      5 x  shit
[2026-07-08 23:32:19]      2 x  asshole
[2026-07-08 23:32:19]      2 x  bullshit
[2026-07-08 23:32:19]      2 x  hell
[2026-07-08 23:32:19]      1 x  bastard
[2026-07-08 23:32:19]      1 x  jesus christ
[2026-07-08 23:32:19] Encoding output with 19 censored interval(s), mode=mute...
[2026-07-08 23:33:47] Done. Wrote censored video: C:\Temp\vidclean\inputs\Commando.(1985)_censored.mp4
[2026-07-08 23:33:47] Done. 22 matched of 3190 words; 19 interval(s). Output: C:\Temp\vidclean\inputs\Commando.(1985)_censored.mp4
[2026-07-08 23:33:47] 
[2026-07-08 23:33:47] Batch complete: 1 succeeded, 0 failed, 0 cancelled, 0 skipped (of 1).

===== 2026-07-08 23:38:49  batch 1/1  input=C:\Temp\vidclean\inputs\The_Green_Mile_(1999).mp4  output=C:\Temp\vidclean\inputs\The_Green_Mile_(1999)_censored.mp4  engine=faster-whisper  model=medium.en  device=auto  mode=mute  pre_pad_ms=150  post_pad_ms=50  audio_delay_ms=0 =====
[2026-07-08 23:38:49] Preloading Whisper model for batch...
[2026-07-08 23:38:49] Device: CUDA auto-detected (NVIDIA RTX A2000 8GB Laptop GPU).
[2026-07-08 23:38:49] Reusing already-loaded faster-whisper model 'C:\models\faster-whisper-medium.en' on cuda.
[2026-07-08 23:38:49] 
[2026-07-08 23:38:49] ===== File 1 of 1:  C:\Temp\vidclean\inputs\The_Green_Mile_(1999).mp4 =====
[2026-07-08 23:38:49] Input video: C:\Temp\vidclean\inputs\The_Green_Mile_(1999).mp4
[2026-07-08 23:38:49] Output video: C:\Temp\vidclean\inputs\The_Green_Mile_(1999)_censored.mp4
[2026-07-08 23:38:49] FFmpeg folder override: C:\ffmpeg\bin
[2026-07-08 23:39:01] Media duration: 11319.64 s
[2026-07-08 23:39:01] Loading censor word list from C:\Temp\Python\censor_words.txt
[2026-07-08 23:39:01] Loaded 13 censor word(s): *fuck*, cunt, shit, bullshit, *bitch*, bastard, *damn, hell, asshole, dick*, jesus christ, jesus, christ
[2026-07-08 23:39:01] No valid transcript cache found; running full transcription.
[2026-07-08 23:39:01] Extracting audio (mono 16 kHz WAV) with ffmpeg...
[2026-07-08 23:39:09] Device: CUDA auto-detected (NVIDIA RTX A2000 8GB Laptop GPU).
[2026-07-08 23:39:09] Reusing already-loaded faster-whisper model 'C:\models\faster-whisper-medium.en' on cuda.
[2026-07-08 23:39:09] Transcribing audio via faster-whisper (word-level timestamps enabled)...
[2026-07-08 23:39:09] Prepended 'C:\ffmpeg\bin' to PATH for Whisper audio decoding.
[2026-07-09 00:30:39] Transcription complete: 11262 words, 2333 segments, language=en.
[2026-07-09 00:30:39] Saved transcript cache: C:\Temp\vidclean\inputs\The_Green_Mile_(1999).mp4.transcript.json
[2026-07-09 00:30:39] Matching transcribed words against censor list...
[2026-07-09 00:30:39] Matched 85 word occurrence(s), producing 84 mute interval(s) after padding/merging.
[2026-07-09 00:30:39] Censored entries (occurrences):
[2026-07-09 00:30:39]     20 x  *damn
[2026-07-09 00:30:39]     15 x  hell
[2026-07-09 00:30:39]     11 x  *fuck*
[2026-07-09 00:30:39]      7 x  christ
[2026-07-09 00:30:39]      7 x  shit
[2026-07-09 00:30:39]      6 x  *bitch*
[2026-07-09 00:30:39]      6 x  bastard
[2026-07-09 00:30:39]      6 x  jesus
[2026-07-09 00:30:39]      3 x  dick*
[2026-07-09 00:30:39]      2 x  asshole
[2026-07-09 00:30:39]      1 x  jesus christ
[2026-07-09 00:30:39] Encoding output with 84 censored interval(s), mode=mute...
[2026-07-09 00:33:40] Done. Wrote censored video: C:\Temp\vidclean\inputs\The_Green_Mile_(1999)_censored.mp4
[2026-07-09 00:33:40] Done. 85 matched of 11262 words; 84 interval(s). Output: C:\Temp\vidclean\inputs\The_Green_Mile_(1999)_censored.mp4
[2026-07-09 00:33:40] 
[2026-07-09 00:33:40] Batch complete: 1 succeeded, 0 failed, 0 cancelled, 0 skipped (of 1).

===== 2026-07-09 00:50:48  batch 1/3  input=C:\Temp\vidclean\inputs\Die_Hard_(1988).mp4  output=C:\Temp\vidclean\inputs\Die_Hard_(1988)_censored.mp4  engine=faster-whisper  model=medium.en  device=auto  mode=mute  pre_pad_ms=150  post_pad_ms=50  audio_delay_ms=0 =====
[2026-07-09 00:50:48] Preloading Whisper model for batch...
[2026-07-09 00:50:48] Device: CUDA auto-detected (NVIDIA RTX A2000 8GB Laptop GPU).
[2026-07-09 00:50:48] Reusing already-loaded faster-whisper model 'C:\models\faster-whisper-medium.en' on cuda.
[2026-07-09 00:50:48] 
[2026-07-09 00:50:48] ===== File 1 of 3:  C:\Temp\vidclean\inputs\Die_Hard_(1988).mp4 =====
[2026-07-09 00:50:48] Input video: C:\Temp\vidclean\inputs\Die_Hard_(1988).mp4
[2026-07-09 00:50:48] Output video: C:\Temp\vidclean\inputs\Die_Hard_(1988)_censored.mp4
[2026-07-09 00:50:48] FFmpeg folder override: C:\ffmpeg\bin
[2026-07-09 00:51:00] Media duration: 7932.21 s
[2026-07-09 00:51:00] Loading censor word list from C:\Temp\Python\censor_words.txt
[2026-07-09 00:51:00] Loaded 13 censor word(s): *fuck*, cunt, shit, bullshit, *bitch*, bastard, *damn, hell, asshole, dick*, jesus christ, jesus, christ
[2026-07-09 00:51:00] No valid transcript cache found; running full transcription.
[2026-07-09 00:51:00] Extracting audio (mono 16 kHz WAV) with ffmpeg...
[2026-07-09 00:51:06] Device: CUDA auto-detected (NVIDIA RTX A2000 8GB Laptop GPU).
[2026-07-09 00:51:06] Reusing already-loaded faster-whisper model 'C:\models\faster-whisper-medium.en' on cuda.
[2026-07-09 00:51:06] Transcribing audio via faster-whisper (word-level timestamps enabled)...
[2026-07-09 00:51:06] Prepended 'C:\ffmpeg\bin' to PATH for Whisper audio decoding.
[2026-07-09 01:39:17] Transcription complete: 9556 words, 1613 segments, language=en.
[2026-07-09 01:39:17] Saved transcript cache: C:\Temp\vidclean\inputs\Die_Hard_(1988).mp4.transcript.json
[2026-07-09 01:39:17] Matching transcribed words against censor list...
[2026-07-09 01:39:18] Matched 133 word occurrence(s), producing 123 mute interval(s) after padding/merging.
[2026-07-09 01:39:18] Censored entries (occurrences):
[2026-07-09 01:39:18]     55 x  *fuck*
[2026-07-09 01:39:18]     24 x  shit
[2026-07-09 01:39:18]      9 x  *damn
[2026-07-09 01:39:18]      9 x  asshole
[2026-07-09 01:39:18]      6 x  jesus christ
[2026-07-09 01:39:18]      5 x  christ
[2026-07-09 01:39:18]      5 x  hell
[2026-07-09 01:39:18]      5 x  jesus
[2026-07-09 01:39:18]      3 x  *bitch*
[2026-07-09 01:39:18]      2 x  bastard
[2026-07-09 01:39:18]      2 x  bullshit
[2026-07-09 01:39:18]      2 x  dick*
[2026-07-09 01:39:18] Encoding output with 123 censored interval(s), mode=mute...

===== 2026-07-09 01:41:29  batch 2/3  input=C:\Temp\vidclean\inputs\Die_Hard_2-Die_Harder_(1990).mp4  output=C:\Temp\vidclean\inputs\Die_Hard_2-Die_Harder_(1990)_censored.mp4  engine=faster-whisper  model=medium.en  device=auto  mode=mute  pre_pad_ms=150  post_pad_ms=50  audio_delay_ms=0 =====
[2026-07-09 01:41:29] Done. Wrote censored video: C:\Temp\vidclean\inputs\Die_Hard_(1988)_censored.mp4
[2026-07-09 01:41:29] Done. 133 matched of 9556 words; 123 interval(s). Output: C:\Temp\vidclean\inputs\Die_Hard_(1988)_censored.mp4
[2026-07-09 01:41:29] 
[2026-07-09 01:41:29] ===== File 2 of 3:  C:\Temp\vidclean\inputs\Die_Hard_2-Die_Harder_(1990).mp4 =====
[2026-07-09 01:41:29] Input video: C:\Temp\vidclean\inputs\Die_Hard_2-Die_Harder_(1990).mp4
[2026-07-09 01:41:29] Output video: C:\Temp\vidclean\inputs\Die_Hard_2-Die_Harder_(1990)_censored.mp4
[2026-07-09 01:41:29] FFmpeg folder override: C:\ffmpeg\bin
[2026-07-09 01:41:32] Media duration: 7400.60 s
[2026-07-09 01:41:32] Loading censor word list from C:\Temp\Python\censor_words.txt
[2026-07-09 01:41:32] Loaded 13 censor word(s): *fuck*, cunt, shit, bullshit, *bitch*, bastard, *damn, hell, asshole, dick*, jesus christ, jesus, christ
[2026-07-09 01:41:32] No valid transcript cache found; running full transcription.
[2026-07-09 01:41:32] Extracting audio (mono 16 kHz WAV) with ffmpeg...
[2026-07-09 01:41:38] Device: CUDA auto-detected (NVIDIA RTX A2000 8GB Laptop GPU).
[2026-07-09 01:41:38] Reusing already-loaded faster-whisper model 'C:\models\faster-whisper-medium.en' on cuda.
[2026-07-09 01:41:38] Transcribing audio via faster-whisper (word-level timestamps enabled)...
[2026-07-09 01:41:38] Prepended 'C:\ffmpeg\bin' to PATH for Whisper audio decoding.
[2026-07-09 02:20:25] Transcription complete: 10241 words, 1731 segments, language=en.
[2026-07-09 02:20:25] Saved transcript cache: C:\Temp\vidclean\inputs\Die_Hard_2-Die_Harder_(1990).mp4.transcript.json
[2026-07-09 02:20:25] Matching transcribed words against censor list...
[2026-07-09 02:20:25] Matched 176 word occurrence(s), producing 171 mute interval(s) after padding/merging.
[2026-07-09 02:20:25] Censored entries (occurrences):
[2026-07-09 02:20:25]     61 x  *fuck*
[2026-07-09 02:20:25]     24 x  *damn
[2026-07-09 02:20:25]     21 x  shit
[2026-07-09 02:20:25]     18 x  hell
[2026-07-09 02:20:25]      9 x  *bitch*
[2026-07-09 02:20:25]      9 x  asshole
[2026-07-09 02:20:25]      8 x  dick*
[2026-07-09 02:20:25]      8 x  jesus
[2026-07-09 02:20:25]      6 x  christ
[2026-07-09 02:20:25]      4 x  bastard
[2026-07-09 02:20:25]      4 x  jesus christ
[2026-07-09 02:20:25] Encoding output with 171 censored interval(s), mode=mute...

===== 2026-07-09 02:22:24  batch 3/3  input=C:\Temp\vidclean\inputs\Die_Hard_with_a_Vengeance_(1995).mp4  output=C:\Temp\vidclean\inputs\Die_Hard_with_a_Vengeance_(1995)_censored.mp4  engine=faster-whisper  model=medium.en  device=auto  mode=mute  pre_pad_ms=150  post_pad_ms=50  audio_delay_ms=0 =====
[2026-07-09 02:22:24] Done. Wrote censored video: C:\Temp\vidclean\inputs\Die_Hard_2-Die_Harder_(1990)_censored.mp4
[2026-07-09 02:22:24] Done. 176 matched of 10241 words; 171 interval(s). Output: C:\Temp\vidclean\inputs\Die_Hard_2-Die_Harder_(1990)_censored.mp4
[2026-07-09 02:22:24] 
[2026-07-09 02:22:24] ===== File 3 of 3:  C:\Temp\vidclean\inputs\Die_Hard_with_a_Vengeance_(1995).mp4 =====
[2026-07-09 02:22:24] Input video: C:\Temp\vidclean\inputs\Die_Hard_with_a_Vengeance_(1995).mp4
[2026-07-09 02:22:24] Output video: C:\Temp\vidclean\inputs\Die_Hard_with_a_Vengeance_(1995)_censored.mp4
[2026-07-09 02:22:24] FFmpeg folder override: C:\ffmpeg\bin
[2026-07-09 02:22:35] Media duration: 7711.24 s
[2026-07-09 02:22:35] Loading censor word list from C:\Temp\Python\censor_words.txt
[2026-07-09 02:22:35] Loaded 13 censor word(s): *fuck*, cunt, shit, bullshit, *bitch*, bastard, *damn, hell, asshole, dick*, jesus christ, jesus, christ
[2026-07-09 02:22:35] No valid transcript cache found; running full transcription.
[2026-07-09 02:22:35] Extracting audio (mono 16 kHz WAV) with ffmpeg...
[2026-07-09 02:22:41] Device: CUDA auto-detected (NVIDIA RTX A2000 8GB Laptop GPU).
[2026-07-09 02:22:41] Reusing already-loaded faster-whisper model 'C:\models\faster-whisper-medium.en' on cuda.
[2026-07-09 02:22:41] Transcribing audio via faster-whisper (word-level timestamps enabled)...
[2026-07-09 02:22:41] Prepended 'C:\ffmpeg\bin' to PATH for Whisper audio decoding.
[2026-07-09 02:53:39] Transcription complete: 11278 words, 1105 segments, language=en.
[2026-07-09 02:53:39] Saved transcript cache: C:\Temp\vidclean\inputs\Die_Hard_with_a_Vengeance_(1995).mp4.transcript.json
[2026-07-09 02:53:39] Matching transcribed words against censor list...
[2026-07-09 02:53:39] Matched 179 word occurrence(s), producing 175 mute interval(s) after padding/merging.
[2026-07-09 02:53:39] Censored entries (occurrences):
[2026-07-09 02:53:39]     73 x  *fuck*
[2026-07-09 02:53:39]     38 x  shit
[2026-07-09 02:53:39]     26 x  hell
[2026-07-09 02:53:39]     21 x  *damn
[2026-07-09 02:53:39]      9 x  asshole
[2026-07-09 02:53:39]      4 x  jesus
[2026-07-09 02:53:39]      2 x  *bitch*
[2026-07-09 02:53:39]      2 x  bullshit
[2026-07-09 02:53:39]      2 x  christ
[2026-07-09 02:53:39]      1 x  jesus christ
[2026-07-09 02:53:39] Encoding output with 175 censored interval(s), mode=mute...
[2026-07-09 02:55:40] Done. Wrote censored video: C:\Temp\vidclean\inputs\Die_Hard_with_a_Vengeance_(1995)_censored.mp4
[2026-07-09 02:55:40] Done. 179 matched of 11278 words; 175 interval(s). Output: C:\Temp\vidclean\inputs\Die_Hard_with_a_Vengeance_(1995)_censored.mp4
[2026-07-09 02:55:40] 
[2026-07-09 02:55:40] Batch complete: 3 succeeded, 0 failed, 0 cancelled, 0 skipped (of 3).

===== 2026-07-09 08:42:48  batch 1/2  input=C:\Temp\vidclean\inputs\Speed_(1994).mp4  output=C:\Temp\vidclean\inputs\Speed_(1994)_censored.mp4  engine=faster-whisper  model=medium.en  device=auto  mode=mute  pre_pad_ms=150  post_pad_ms=50  audio_delay_ms=0 =====
[2026-07-09 08:42:48] Preloading Whisper model for batch...
[2026-07-09 08:42:48] Device: CUDA auto-detected (NVIDIA RTX A2000 8GB Laptop GPU).
[2026-07-09 08:42:48] Reusing already-loaded faster-whisper model 'C:\models\faster-whisper-medium.en' on cuda.
[2026-07-09 08:42:48] 
[2026-07-09 08:42:48] ===== File 1 of 2:  C:\Temp\vidclean\inputs\Speed_(1994).mp4 =====
[2026-07-09 08:42:48] Input video: C:\Temp\vidclean\inputs\Speed_(1994).mp4
[2026-07-09 08:42:48] Output video: C:\Temp\vidclean\inputs\Speed_(1994)_censored.mp4
[2026-07-09 08:42:48] FFmpeg folder override: C:\ffmpeg\bin
[2026-07-09 08:42:59] Media duration: 6953.43 s
[2026-07-09 08:42:59] Loading censor word list from C:\Temp\Python\censor_words.txt
[2026-07-09 08:42:59] Loaded 13 censor word(s): *fuck*, cunt, shit, bullshit, *bitch*, bastard, *damn, hell, asshole, dick*, jesus christ, jesus, christ
[2026-07-09 08:42:59] No valid transcript cache found; running full transcription.
[2026-07-09 08:42:59] Extracting audio (mono 16 kHz WAV) with ffmpeg...
[2026-07-09 08:43:13] Device: CUDA auto-detected (NVIDIA RTX A2000 8GB Laptop GPU).
[2026-07-09 08:43:13] Reusing already-loaded faster-whisper model 'C:\models\faster-whisper-medium.en' on cuda.
[2026-07-09 08:43:13] Transcribing audio via faster-whisper (word-level timestamps enabled)...
[2026-07-09 08:43:13] Prepended 'C:\ffmpeg\bin' to PATH for Whisper audio decoding.
[2026-07-09 09:23:03] Transcription complete: 8452 words, 1979 segments, language=en.
[2026-07-09 09:23:03] Saved transcript cache: C:\Temp\vidclean\inputs\Speed_(1994).mp4.transcript.json
[2026-07-09 09:23:04] Matching transcribed words against censor list...
[2026-07-09 09:23:04] Matched 74 word occurrence(s), producing 73 mute interval(s) after padding/merging.
[2026-07-09 09:23:04] Censored entries (occurrences):
[2026-07-09 09:23:04]     34 x  shit
[2026-07-09 09:23:04]     14 x  *fuck*
[2026-07-09 09:23:04]      6 x  *damn
[2026-07-09 09:23:04]      6 x  jesus
[2026-07-09 09:23:04]      3 x  asshole
[2026-07-09 09:23:04]      3 x  bastard
[2026-07-09 09:23:04]      3 x  hell
[2026-07-09 09:23:04]      2 x  *bitch*
[2026-07-09 09:23:04]      2 x  bullshit
[2026-07-09 09:23:04]      1 x  christ
[2026-07-09 09:23:04] Encoding output with 73 censored interval(s), mode=mute...

===== 2026-07-09 09:25:13  batch 2/2  input=C:\Temp\vidclean\inputs\Taken_(2009).mp4  output=C:\Temp\vidclean\inputs\Taken_(2009)_censored.mp4  engine=faster-whisper  model=medium.en  device=auto  mode=mute  pre_pad_ms=150  post_pad_ms=50  audio_delay_ms=0 =====
[2026-07-09 09:25:13] Done. Wrote censored video: C:\Temp\vidclean\inputs\Speed_(1994)_censored.mp4
[2026-07-09 09:25:13] Done. 74 matched of 8452 words; 73 interval(s). Output: C:\Temp\vidclean\inputs\Speed_(1994)_censored.mp4
[2026-07-09 09:25:13] 
[2026-07-09 09:25:13] ===== File 2 of 2:  C:\Temp\vidclean\inputs\Taken_(2009).mp4 =====
[2026-07-09 09:25:13] Input video: C:\Temp\vidclean\inputs\Taken_(2009).mp4
[2026-07-09 09:25:13] Output video: C:\Temp\vidclean\inputs\Taken_(2009)_censored.mp4
[2026-07-09 09:25:13] FFmpeg folder override: C:\ffmpeg\bin
[2026-07-09 09:25:17] Media duration: 5453.28 s
[2026-07-09 09:25:17] Loading censor word list from C:\Temp\Python\censor_words.txt
[2026-07-09 09:25:17] Loaded 13 censor word(s): *fuck*, cunt, shit, bullshit, *bitch*, bastard, *damn, hell, asshole, dick*, jesus christ, jesus, christ
[2026-07-09 09:25:17] No valid transcript cache found; running full transcription.
[2026-07-09 09:25:17] Extracting audio (mono 16 kHz WAV) with ffmpeg...
[2026-07-09 09:25:22] Device: CUDA auto-detected (NVIDIA RTX A2000 8GB Laptop GPU).
[2026-07-09 09:25:22] Reusing already-loaded faster-whisper model 'C:\models\faster-whisper-medium.en' on cuda.
[2026-07-09 09:25:22] Transcribing audio via faster-whisper (word-level timestamps enabled)...
[2026-07-09 09:25:22] Prepended 'C:\ffmpeg\bin' to PATH for Whisper audio decoding.
[2026-07-09 09:59:00] Transcription complete: 6501 words, 1393 segments, language=en.
[2026-07-09 09:59:00] Saved transcript cache: C:\Temp\vidclean\inputs\Taken_(2009).mp4.transcript.json
[2026-07-09 09:59:00] Matching transcribed words against censor list...
[2026-07-09 09:59:01] Matched 14 word occurrence(s), producing 14 mute interval(s) after padding/merging.
[2026-07-09 09:59:01] Censored entries (occurrences):
[2026-07-09 09:59:01]      4 x  shit
[2026-07-09 09:59:01]      3 x  *damn
[2026-07-09 09:59:01]      3 x  hell
[2026-07-09 09:59:01]      2 x  asshole
[2026-07-09 09:59:01]      1 x  *fuck*
[2026-07-09 09:59:01]      1 x  dick*
[2026-07-09 09:59:01] Encoding output with 14 censored interval(s), mode=mute...
[2026-07-09 10:00:51] Done. Wrote censored video: C:\Temp\vidclean\inputs\Taken_(2009)_censored.mp4
[2026-07-09 10:00:51] Done. 14 matched of 6501 words; 14 interval(s). Output: C:\Temp\vidclean\inputs\Taken_(2009)_censored.mp4
[2026-07-09 10:00:51] 
[2026-07-09 10:00:51] Batch complete: 2 succeeded, 0 failed, 0 cancelled, 0 skipped (of 2).
[2026-07-09 11:50:48] Preloading Whisper model for batch...
[2026-07-09 11:51:03] Device: CUDA auto-detected (NVIDIA RTX A2000 8GB Laptop GPU).
[2026-07-09 11:51:04] Loading faster-whisper model 'C:\models\faster-whisper-medium.en' on cuda (compute_type=float16)...

===== 2026-07-09 11:51:07  batch 1/1  input=C:\Temp\vidclean\inputs\Major League (1989).avi  output=C:\Temp\vidclean\inputs\Major League (1989)_censored.avi  engine=faster-whisper  model=medium.en  device=auto  mode=mute  pre_pad_ms=150  post_pad_ms=50  audio_delay_ms=0  output_mode=add_track =====
[2026-07-09 11:51:08] 
[2026-07-09 11:51:08] ===== File 1 of 1:  C:\Temp\vidclean\inputs\Major League (1989).avi =====
[2026-07-09 11:51:08] Input video: C:\Temp\vidclean\inputs\Major League (1989).avi
[2026-07-09 11:51:08] Output video: C:\Temp\vidclean\inputs\Major League (1989)_censored.mp4
[2026-07-09 11:51:08] Output mode: add_track
[2026-07-09 11:51:08] FFmpeg folder override: C:\ffmpeg\bin
[2026-07-09 11:51:19] Media duration: 6389.97 s
[2026-07-09 11:51:19] Loading censor word list from C:\Temp\Python\censor_words.txt
[2026-07-09 11:51:23] Loaded 13 censor word(s): *fuck*, cunt, shit, bullshit, *bitch*, bastard, *damn, hell, asshole, dick*, jesus christ, jesus, christ
[2026-07-09 11:51:23] No valid transcript cache found; running full transcription.
[2026-07-09 11:51:23] Extracting audio (mono 16 kHz WAV) with ffmpeg...
[2026-07-09 11:51:37] Device: CUDA auto-detected (NVIDIA RTX A2000 8GB Laptop GPU).
[2026-07-09 11:51:37] Reusing already-loaded faster-whisper model 'C:\models\faster-whisper-medium.en' on cuda.
[2026-07-09 11:51:37] Transcribing audio via faster-whisper (word-level timestamps enabled)...
[2026-07-09 11:51:37] Prepended 'C:\ffmpeg\bin' to PATH for Whisper audio decoding.
[2026-07-09 12:26:37] Transcription complete: 9952 words, 1639 segments, language=en.
[2026-07-09 12:26:37] Saved transcript cache: C:\Temp\vidclean\inputs\Major League (1989).avi.transcript.json
[2026-07-09 12:26:38] Matching transcribed words against censor list...
[2026-07-09 12:26:38] Matched 85 word occurrence(s), producing 82 mute interval(s) after padding/merging.
[2026-07-09 12:26:38] Censored entries (occurrences):
[2026-07-09 12:26:38]     27 x  shit
[2026-07-09 12:26:38]     19 x  *fuck*
[2026-07-09 12:26:38]     10 x  hell
[2026-07-09 12:26:38]      5 x  *damn
[2026-07-09 12:26:38]      5 x  jesus
[2026-07-09 12:26:38]      4 x  *bitch*
[2026-07-09 12:26:38]      4 x  dick*
[2026-07-09 12:26:38]      3 x  jesus christ
[2026-07-09 12:26:38]      2 x  bullshit
[2026-07-09 12:26:38]      2 x  christ
[2026-07-09 12:26:38]      1 x  asshole
[2026-07-09 12:26:50] Encoding output with 82 censored interval(s), mode=mute, output_mode=add_track (source audio streams: 1, new track index: 1)...
[2026-07-09 12:29:08] Done. Wrote censored video: C:\Temp\vidclean\inputs\Major League (1989)_censored.mp4
[2026-07-09 12:29:08] Done. 85 matched of 9952 words; 82 interval(s). Output: C:\Temp\vidclean\inputs\Major League (1989)_censored.mp4
[2026-07-09 12:29:08] 
[2026-07-09 12:29:08] Batch complete: 1 succeeded, 0 failed, 0 cancelled, 0 skipped (of 1).

===== 2026-07-09 12:35:07  batch 1/7  input=C:\Temp\vidclean\inputs\Commando.(1985).mp4  output=C:\Temp\vidclean\inputs\Commando.(1985)_censored.mp4  engine=faster-whisper  model=medium.en  device=auto  mode=mute  pre_pad_ms=150  post_pad_ms=50  audio_delay_ms=0  output_mode=add_track =====
[2026-07-09 12:35:07] Preloading Whisper model for batch...
[2026-07-09 12:35:07] Device: CUDA auto-detected (NVIDIA RTX A2000 8GB Laptop GPU).
[2026-07-09 12:35:07] Reusing already-loaded faster-whisper model 'C:\models\faster-whisper-medium.en' on cuda.
[2026-07-09 12:35:07] 
[2026-07-09 12:35:07] ===== File 1 of 7:  C:\Temp\vidclean\inputs\Commando.(1985).mp4 =====
[2026-07-09 12:35:07] Input video: C:\Temp\vidclean\inputs\Commando.(1985).mp4
[2026-07-09 12:35:07] Output video: C:\Temp\vidclean\inputs\Commando.(1985)_censored.mp4
[2026-07-09 12:35:07] Output mode: add_track
[2026-07-09 12:35:07] FFmpeg folder override: C:\ffmpeg\bin
[2026-07-09 12:35:10] Media duration: 5415.95 s
[2026-07-09 12:35:11] Loading censor word list from C:\Temp\Python\censor_words.txt
[2026-07-09 12:35:11] Loaded 13 censor word(s): *fuck*, cunt, shit, bullshit, *bitch*, bastard, *damn, hell, asshole, dick*, jesus christ, jesus, christ
[2026-07-09 12:35:11] Using cached transcript: C:\Temp\vidclean\inputs\Commando.(1985).mp4.transcript.json (3190 words, model=medium.en).
[2026-07-09 12:35:11] Matching transcribed words against censor list...
[2026-07-09 12:35:11] Matched 22 word occurrence(s), producing 19 mute interval(s) after padding/merging.
[2026-07-09 12:35:11] Censored entries (occurrences):
[2026-07-09 12:35:11]      8 x  *fuck*
[2026-07-09 12:35:11]      5 x  shit
[2026-07-09 12:35:11]      2 x  asshole
[2026-07-09 12:35:11]      2 x  bullshit
[2026-07-09 12:35:11]      2 x  hell
[2026-07-09 12:35:11]      1 x  bastard
[2026-07-09 12:35:11]      1 x  jesus christ
[2026-07-09 12:35:14] Encoding output with 19 censored interval(s), mode=mute, output_mode=add_track (source audio streams: 1, new track index: 1)...

===== 2026-07-09 12:36:44  batch 2/7  input=C:\Temp\vidclean\inputs\Die_Hard_(1988).mp4  output=C:\Temp\vidclean\inputs\Die_Hard_(1988)_censored.mp4  engine=faster-whisper  model=medium.en  device=auto  mode=mute  pre_pad_ms=150  post_pad_ms=50  audio_delay_ms=0  output_mode=add_track =====
[2026-07-09 12:36:44] Done. Wrote censored video: C:\Temp\vidclean\inputs\Commando.(1985)_censored.mp4
[2026-07-09 12:36:44] Done. 22 matched of 3190 words; 19 interval(s). Output: C:\Temp\vidclean\inputs\Commando.(1985)_censored.mp4
[2026-07-09 12:36:44] 
[2026-07-09 12:36:44] ===== File 2 of 7:  C:\Temp\vidclean\inputs\Die_Hard_(1988).mp4 =====
[2026-07-09 12:36:44] Input video: C:\Temp\vidclean\inputs\Die_Hard_(1988).mp4
[2026-07-09 12:36:44] Output video: C:\Temp\vidclean\inputs\Die_Hard_(1988)_censored.mp4
[2026-07-09 12:36:44] Output mode: add_track
[2026-07-09 12:36:44] FFmpeg folder override: C:\ffmpeg\bin
[2026-07-09 12:36:47] Media duration: 7932.21 s
[2026-07-09 12:36:47] Loading censor word list from C:\Temp\Python\censor_words.txt
[2026-07-09 12:36:47] Loaded 13 censor word(s): *fuck*, cunt, shit, bullshit, *bitch*, bastard, *damn, hell, asshole, dick*, jesus christ, jesus, christ
[2026-07-09 12:36:47] Using cached transcript: C:\Temp\vidclean\inputs\Die_Hard_(1988).mp4.transcript.json (9556 words, model=medium.en).
[2026-07-09 12:36:48] Matching transcribed words against censor list...
[2026-07-09 12:36:48] Matched 133 word occurrence(s), producing 123 mute interval(s) after padding/merging.
[2026-07-09 12:36:48] Censored entries (occurrences):
[2026-07-09 12:36:48]     55 x  *fuck*
[2026-07-09 12:36:48]     24 x  shit
[2026-07-09 12:36:48]      9 x  *damn
[2026-07-09 12:36:48]      9 x  asshole
[2026-07-09 12:36:48]      6 x  jesus christ
[2026-07-09 12:36:48]      5 x  christ
[2026-07-09 12:36:48]      5 x  hell
[2026-07-09 12:36:48]      5 x  jesus
[2026-07-09 12:36:48]      3 x  *bitch*
[2026-07-09 12:36:48]      2 x  bastard
[2026-07-09 12:36:48]      2 x  bullshit
[2026-07-09 12:36:48]      2 x  dick*
[2026-07-09 12:36:51] Encoding output with 123 censored interval(s), mode=mute, output_mode=add_track (source audio streams: 1, new track index: 1)...

===== 2026-07-09 12:39:35  batch 3/7  input=C:\Temp\vidclean\inputs\Die_Hard_2-Die_Harder_(1990).mp4  output=C:\Temp\vidclean\inputs\Die_Hard_2-Die_Harder_(1990)_censored.mp4  engine=faster-whisper  model=medium.en  device=auto  mode=mute  pre_pad_ms=150  post_pad_ms=50  audio_delay_ms=0  output_mode=add_track =====
[2026-07-09 12:39:35] Done. Wrote censored video: C:\Temp\vidclean\inputs\Die_Hard_(1988)_censored.mp4
[2026-07-09 12:39:35] Done. 133 matched of 9556 words; 123 interval(s). Output: C:\Temp\vidclean\inputs\Die_Hard_(1988)_censored.mp4
[2026-07-09 12:39:35] 
[2026-07-09 12:39:35] ===== File 3 of 7:  C:\Temp\vidclean\inputs\Die_Hard_2-Die_Harder_(1990).mp4 =====
[2026-07-09 12:39:35] Input video: C:\Temp\vidclean\inputs\Die_Hard_2-Die_Harder_(1990).mp4
[2026-07-09 12:39:35] Output video: C:\Temp\vidclean\inputs\Die_Hard_2-Die_Harder_(1990)_censored.mp4
[2026-07-09 12:39:35] Output mode: add_track
[2026-07-09 12:39:35] FFmpeg folder override: C:\ffmpeg\bin
[2026-07-09 12:39:38] Media duration: 7400.60 s
[2026-07-09 12:39:38] Loading censor word list from C:\Temp\Python\censor_words.txt
[2026-07-09 12:39:38] Loaded 13 censor word(s): *fuck*, cunt, shit, bullshit, *bitch*, bastard, *damn, hell, asshole, dick*, jesus christ, jesus, christ
[2026-07-09 12:39:39] Using cached transcript: C:\Temp\vidclean\inputs\Die_Hard_2-Die_Harder_(1990).mp4.transcript.json (10241 words, model=medium.en).
[2026-07-09 12:39:39] Matching transcribed words against censor list...
[2026-07-09 12:39:39] Matched 176 word occurrence(s), producing 171 mute interval(s) after padding/merging.
[2026-07-09 12:39:39] Censored entries (occurrences):
[2026-07-09 12:39:39]     61 x  *fuck*
[2026-07-09 12:39:39]     24 x  *damn
[2026-07-09 12:39:39]     21 x  shit
[2026-07-09 12:39:39]     18 x  hell
[2026-07-09 12:39:39]      9 x  *bitch*
[2026-07-09 12:39:39]      9 x  asshole
[2026-07-09 12:39:39]      8 x  dick*
[2026-07-09 12:39:39]      8 x  jesus
[2026-07-09 12:39:39]      6 x  christ
[2026-07-09 12:39:39]      4 x  bastard
[2026-07-09 12:39:39]      4 x  jesus christ
[2026-07-09 12:39:42] Encoding output with 171 censored interval(s), mode=mute, output_mode=add_track (source audio streams: 1, new track index: 1)...

===== 2026-07-09 12:41:59  batch 4/7  input=C:\Temp\vidclean\inputs\Die_Hard_with_a_Vengeance_(1995).mp4  output=C:\Temp\vidclean\inputs\Die_Hard_with_a_Vengeance_(1995)_censored.mp4  engine=faster-whisper  model=medium.en  device=auto  mode=mute  pre_pad_ms=150  post_pad_ms=50  audio_delay_ms=0  output_mode=add_track =====
[2026-07-09 12:41:59] Done. Wrote censored video: C:\Temp\vidclean\inputs\Die_Hard_2-Die_Harder_(1990)_censored.mp4
[2026-07-09 12:41:59] Done. 176 matched of 10241 words; 171 interval(s). Output: C:\Temp\vidclean\inputs\Die_Hard_2-Die_Harder_(1990)_censored.mp4
[2026-07-09 12:41:59] 
[2026-07-09 12:41:59] ===== File 4 of 7:  C:\Temp\vidclean\inputs\Die_Hard_with_a_Vengeance_(1995).mp4 =====
[2026-07-09 12:41:59] Input video: C:\Temp\vidclean\inputs\Die_Hard_with_a_Vengeance_(1995).mp4
[2026-07-09 12:41:59] Output video: C:\Temp\vidclean\inputs\Die_Hard_with_a_Vengeance_(1995)_censored.mp4
[2026-07-09 12:41:59] Output mode: add_track
[2026-07-09 12:41:59] FFmpeg folder override: C:\ffmpeg\bin
[2026-07-09 12:42:03] Media duration: 7711.24 s
[2026-07-09 12:42:03] Loading censor word list from C:\Temp\Python\censor_words.txt
[2026-07-09 12:42:03] Loaded 13 censor word(s): *fuck*, cunt, shit, bullshit, *bitch*, bastard, *damn, hell, asshole, dick*, jesus christ, jesus, christ
[2026-07-09 12:42:03] Using cached transcript: C:\Temp\vidclean\inputs\Die_Hard_with_a_Vengeance_(1995).mp4.transcript.json (11278 words, model=medium.en).
[2026-07-09 12:42:03] Matching transcribed words against censor list...
[2026-07-09 12:42:03] Matched 179 word occurrence(s), producing 175 mute interval(s) after padding/merging.
[2026-07-09 12:42:03] Censored entries (occurrences):
[2026-07-09 12:42:03]     73 x  *fuck*
[2026-07-09 12:42:03]     38 x  shit
[2026-07-09 12:42:03]     26 x  hell
[2026-07-09 12:42:03]     21 x  *damn
[2026-07-09 12:42:03]      9 x  asshole
[2026-07-09 12:42:03]      4 x  jesus
[2026-07-09 12:42:03]      2 x  *bitch*
[2026-07-09 12:42:03]      2 x  bullshit
[2026-07-09 12:42:03]      2 x  christ
[2026-07-09 12:42:03]      1 x  jesus christ
[2026-07-09 12:42:07] Encoding output with 175 censored interval(s), mode=mute, output_mode=add_track (source audio streams: 1, new track index: 1)...

===== 2026-07-09 12:44:47  batch 5/7  input=C:\Temp\vidclean\inputs\Speed_(1994).mp4  output=C:\Temp\vidclean\inputs\Speed_(1994)_censored.mp4  engine=faster-whisper  model=medium.en  device=auto  mode=mute  pre_pad_ms=150  post_pad_ms=50  audio_delay_ms=0  output_mode=add_track =====
[2026-07-09 12:44:47] Done. Wrote censored video: C:\Temp\vidclean\inputs\Die_Hard_with_a_Vengeance_(1995)_censored.mp4
[2026-07-09 12:44:47] Done. 179 matched of 11278 words; 175 interval(s). Output: C:\Temp\vidclean\inputs\Die_Hard_with_a_Vengeance_(1995)_censored.mp4
[2026-07-09 12:44:47] 
[2026-07-09 12:44:47] ===== File 5 of 7:  C:\Temp\vidclean\inputs\Speed_(1994).mp4 =====
[2026-07-09 12:44:47] Input video: C:\Temp\vidclean\inputs\Speed_(1994).mp4
[2026-07-09 12:44:47] Output video: C:\Temp\vidclean\inputs\Speed_(1994)_censored.mp4
[2026-07-09 12:44:47] Output mode: add_track
[2026-07-09 12:44:47] FFmpeg folder override: C:\ffmpeg\bin
[2026-07-09 12:44:50] Media duration: 6953.43 s
[2026-07-09 12:44:51] Loading censor word list from C:\Temp\Python\censor_words.txt
[2026-07-09 12:44:51] Loaded 13 censor word(s): *fuck*, cunt, shit, bullshit, *bitch*, bastard, *damn, hell, asshole, dick*, jesus christ, jesus, christ
[2026-07-09 12:44:51] Using cached transcript: C:\Temp\vidclean\inputs\Speed_(1994).mp4.transcript.json (8452 words, model=medium.en).
[2026-07-09 12:44:51] Matching transcribed words against censor list...
[2026-07-09 12:44:51] Matched 74 word occurrence(s), producing 73 mute interval(s) after padding/merging.
[2026-07-09 12:44:51] Censored entries (occurrences):
[2026-07-09 12:44:51]     34 x  shit
[2026-07-09 12:44:51]     14 x  *fuck*
[2026-07-09 12:44:51]      6 x  *damn
[2026-07-09 12:44:51]      6 x  jesus
[2026-07-09 12:44:51]      3 x  asshole
[2026-07-09 12:44:51]      3 x  bastard
[2026-07-09 12:44:51]      3 x  hell
[2026-07-09 12:44:51]      2 x  *bitch*
[2026-07-09 12:44:51]      2 x  bullshit
[2026-07-09 12:44:51]      1 x  christ
[2026-07-09 12:44:54] Encoding output with 73 censored interval(s), mode=mute, output_mode=add_track (source audio streams: 1, new track index: 1)...

===== 2026-07-09 12:47:02  batch 6/7  input=C:\Temp\vidclean\inputs\Taken_(2009).mp4  output=C:\Temp\vidclean\inputs\Taken_(2009)_censored.mp4  engine=faster-whisper  model=medium.en  device=auto  mode=mute  pre_pad_ms=150  post_pad_ms=50  audio_delay_ms=0  output_mode=add_track =====
[2026-07-09 12:47:02] Done. Wrote censored video: C:\Temp\vidclean\inputs\Speed_(1994)_censored.mp4
[2026-07-09 12:47:02] Done. 74 matched of 8452 words; 73 interval(s). Output: C:\Temp\vidclean\inputs\Speed_(1994)_censored.mp4
[2026-07-09 12:47:02] 
[2026-07-09 12:47:02] ===== File 6 of 7:  C:\Temp\vidclean\inputs\Taken_(2009).mp4 =====
[2026-07-09 12:47:02] Input video: C:\Temp\vidclean\inputs\Taken_(2009).mp4
[2026-07-09 12:47:02] Output video: C:\Temp\vidclean\inputs\Taken_(2009)_censored.mp4
[2026-07-09 12:47:02] Output mode: add_track
[2026-07-09 12:47:02] FFmpeg folder override: C:\ffmpeg\bin
[2026-07-09 12:47:05] Media duration: 5453.28 s
[2026-07-09 12:47:05] Loading censor word list from C:\Temp\Python\censor_words.txt
[2026-07-09 12:47:05] Loaded 13 censor word(s): *fuck*, cunt, shit, bullshit, *bitch*, bastard, *damn, hell, asshole, dick*, jesus christ, jesus, christ
[2026-07-09 12:47:05] Using cached transcript: C:\Temp\vidclean\inputs\Taken_(2009).mp4.transcript.json (6501 words, model=medium.en).
[2026-07-09 12:47:05] Matching transcribed words against censor list...
[2026-07-09 12:47:05] Matched 14 word occurrence(s), producing 14 mute interval(s) after padding/merging.
[2026-07-09 12:47:05] Censored entries (occurrences):
[2026-07-09 12:47:05]      4 x  shit
[2026-07-09 12:47:05]      3 x  *damn
[2026-07-09 12:47:05]      3 x  hell
[2026-07-09 12:47:05]      2 x  asshole
[2026-07-09 12:47:05]      1 x  *fuck*
[2026-07-09 12:47:05]      1 x  dick*
[2026-07-09 12:47:08] Encoding output with 14 censored interval(s), mode=mute, output_mode=add_track (source audio streams: 1, new track index: 1)...

===== 2026-07-09 12:48:55  batch 7/7  input=C:\Temp\vidclean\inputs\The_Green_Mile_(1999).mp4  output=C:\Temp\vidclean\inputs\The_Green_Mile_(1999)_censored.mp4  engine=faster-whisper  model=medium.en  device=auto  mode=mute  pre_pad_ms=150  post_pad_ms=50  audio_delay_ms=0  output_mode=add_track =====
[2026-07-09 12:48:55] Done. Wrote censored video: C:\Temp\vidclean\inputs\Taken_(2009)_censored.mp4
[2026-07-09 12:48:55] Done. 14 matched of 6501 words; 14 interval(s). Output: C:\Temp\vidclean\inputs\Taken_(2009)_censored.mp4
[2026-07-09 12:48:55] 
[2026-07-09 12:48:55] ===== File 7 of 7:  C:\Temp\vidclean\inputs\The_Green_Mile_(1999).mp4 =====
[2026-07-09 12:48:55] Input video: C:\Temp\vidclean\inputs\The_Green_Mile_(1999).mp4
[2026-07-09 12:48:55] Output video: C:\Temp\vidclean\inputs\The_Green_Mile_(1999)_censored.mp4
[2026-07-09 12:48:55] Output mode: add_track
[2026-07-09 12:48:55] FFmpeg folder override: C:\ffmpeg\bin
[2026-07-09 12:48:59] Media duration: 11319.64 s
[2026-07-09 12:48:59] Loading censor word list from C:\Temp\Python\censor_words.txt
[2026-07-09 12:48:59] Loaded 13 censor word(s): *fuck*, cunt, shit, bullshit, *bitch*, bastard, *damn, hell, asshole, dick*, jesus christ, jesus, christ
[2026-07-09 12:48:59] Using cached transcript: C:\Temp\vidclean\inputs\The_Green_Mile_(1999).mp4.transcript.json (11262 words, model=medium.en).
[2026-07-09 12:48:59] Matching transcribed words against censor list...
[2026-07-09 12:48:59] Matched 85 word occurrence(s), producing 84 mute interval(s) after padding/merging.
[2026-07-09 12:48:59] Censored entries (occurrences):
[2026-07-09 12:48:59]     20 x  *damn
[2026-07-09 12:48:59]     15 x  hell
[2026-07-09 12:48:59]     11 x  *fuck*
[2026-07-09 12:48:59]      7 x  christ
[2026-07-09 12:48:59]      7 x  shit
[2026-07-09 12:48:59]      6 x  *bitch*
[2026-07-09 12:48:59]      6 x  bastard
[2026-07-09 12:48:59]      6 x  jesus
[2026-07-09 12:48:59]      3 x  dick*
[2026-07-09 12:48:59]      2 x  asshole
[2026-07-09 12:48:59]      1 x  jesus christ
[2026-07-09 12:49:02] Encoding output with 84 censored interval(s), mode=mute, output_mode=add_track (source audio streams: 1, new track index: 1)...
[2026-07-09 12:52:49] Done. Wrote censored video: C:\Temp\vidclean\inputs\The_Green_Mile_(1999)_censored.mp4
[2026-07-09 12:52:49] Done. 85 matched of 11262 words; 84 interval(s). Output: C:\Temp\vidclean\inputs\The_Green_Mile_(1999)_censored.mp4
[2026-07-09 12:52:49] 
[2026-07-09 12:52:49] Batch complete: 7 succeeded, 0 failed, 0 cancelled, 0 skipped (of 7).
[2026-07-09 15:31:52] Preloading Whisper model for batch...
[2026-07-09 15:32:21] Device: CUDA auto-detected (NVIDIA RTX A2000 8GB Laptop GPU).
[2026-07-09 15:32:21] Loading faster-whisper model 'C:\models\faster-whisper-medium.en' on cuda (compute_type=float16)...

===== 2026-07-09 15:32:26  batch 1/1  input=C:\Temp\vidclean\inputs\Tests\test.mp4  output=C:\Temp\vidclean\inputs\Tests\test_censored.mp4  engine=faster-whisper  model=medium.en  device=auto  mode=mute  pre_pad_ms=150  post_pad_ms=50  audio_delay_ms=0  output_mode=add_track =====
[2026-07-09 15:32:26] 
[2026-07-09 15:32:26] ===== File 1 of 1:  C:\Temp\vidclean\inputs\Tests\test.mp4 =====
[2026-07-09 15:32:26] Input video: C:\Temp\vidclean\inputs\Tests\test.mp4
[2026-07-09 15:32:26] Output video: C:\Temp\vidclean\inputs\Tests\test_censored.mp4
[2026-07-09 15:32:26] Output mode: add_track
[2026-07-09 15:32:26] FFmpeg folder override: C:\ffmpeg\bin
[2026-07-09 15:32:37] Media duration: 917.88 s
[2026-07-09 15:32:37] Loading censor word list from C:\Temp\Python\censor_words.txt
[2026-07-09 15:32:42] Loaded 13 censor word(s): *fuck*, cunt, shit, bullshit, *bitch*, bastard, *damn, hell, asshole, dick*, jesus christ, jesus, christ
[2026-07-09 15:32:42] No valid transcript cache found; running full transcription.
[2026-07-09 15:32:42] Extracting audio (mono 16 kHz WAV) with ffmpeg...
[2026-07-09 15:32:51] Device: CUDA auto-detected (NVIDIA RTX A2000 8GB Laptop GPU).
[2026-07-09 15:32:51] Reusing already-loaded faster-whisper model 'C:\models\faster-whisper-medium.en' on cuda.
[2026-07-09 15:32:51] Transcribing audio via faster-whisper (word-level timestamps enabled)...
[2026-07-09 15:32:51] Prepended 'C:\ffmpeg\bin' to PATH for Whisper audio decoding.
[2026-07-09 15:40:39] Transcription complete: 2673 words, 555 segments, language=en.
[2026-07-09 15:40:39] Saved transcript cache: C:\Temp\vidclean\inputs\Tests\test.mp4.transcript.json
[2026-07-09 15:40:39] Matching transcribed words against censor list...
[2026-07-09 15:40:39] Matched 182 word occurrence(s), producing 175 mute interval(s) after padding/merging.
[2026-07-09 15:40:39] Censored entries (occurrences):
[2026-07-09 15:40:39]    142 x  *fuck*
[2026-07-09 15:40:39]     24 x  shit
[2026-07-09 15:40:39]      4 x  dick*
[2026-07-09 15:40:39]      3 x  *bitch*
[2026-07-09 15:40:39]      2 x  bullshit
[2026-07-09 15:40:39]      2 x  cunt
[2026-07-09 15:40:39]      1 x  *damn
[2026-07-09 15:40:39]      1 x  bastard
[2026-07-09 15:40:39]      1 x  hell
[2026-07-09 15:40:39]      1 x  jesus christ
[2026-07-09 15:40:42] Encoding output with 175 censored interval(s), mode=mute, output_mode=add_track (source audio streams: 1, new track index: 1)...
[2026-07-09 15:41:04] Done. Wrote censored video: C:\Temp\vidclean\inputs\Tests\test_censored.mp4
[2026-07-09 15:41:04] Done. 182 matched of 2673 words; 175 interval(s). Output: C:\Temp\vidclean\inputs\Tests\test_censored.mp4
[2026-07-09 15:41:04] 
[2026-07-09 15:41:04] Batch complete: 1 succeeded, 0 failed, 0 cancelled, 0 skipped (of 1).
[2026-07-10 17:59:06] Preloading Whisper model for batch...
[2026-07-10 17:59:27] Device: CUDA auto-detected (NVIDIA RTX A2000 8GB Laptop GPU).
[2026-07-10 17:59:27] Loading faster-whisper model 'C:\models\faster-whisper-medium.en' on cuda (compute_type=float16)...

===== 2026-07-10 17:59:30  batch 1/1  input=C:\Temp\vidclean\inputs\Tests\test.mp4  output=C:\Temp\vidclean\inputs\Tests\test_censored.mp4  engine=faster-whisper  model=medium.en  device=auto  mode=mute  pre_pad_ms=150  post_pad_ms=50  audio_delay_ms=0  output_mode=add_track =====
[2026-07-10 17:59:30] 
[2026-07-10 17:59:30] ===== File 1 of 1:  C:\Temp\vidclean\inputs\Tests\test.mp4 =====
[2026-07-10 17:59:30] Input video: C:\Temp\vidclean\inputs\Tests\test.mp4
[2026-07-10 17:59:30] Output video: C:\Temp\vidclean\inputs\Tests\test_censored.mp4
[2026-07-10 17:59:30] Output mode: add_track
[2026-07-10 17:59:30] FFmpeg folder override: C:\ffmpeg\bin
[2026-07-10 17:59:41] Media duration: 917.88 s
[2026-07-10 17:59:41] Loading censor word list from C:\Temp\Python\censor_words.txt
[2026-07-10 17:59:41] ERROR: C:\Temp\vidclean\inputs\Tests\test.mp4: Censor word list at 'C:\Temp\Python\censor_words.txt' is empty. Add at least one word.
[2026-07-10 17:59:41] 
[2026-07-10 17:59:41] Batch complete: 0 succeeded, 1 failed, 0 cancelled, 0 skipped (of 1).
[2026-07-10 18:06:50] Preloading Whisper model for batch...
[2026-07-10 18:07:10] Device: CUDA auto-detected (NVIDIA RTX A2000 8GB Laptop GPU).
[2026-07-10 18:07:10] Loading faster-whisper model 'C:\models\faster-whisper-medium.en' on cuda (compute_type=float16)...

===== 2026-07-10 18:07:13  batch 1/1  input=C:\Temp\vidclean\inputs\Tests\test.mp4  output=C:\Temp\vidclean\inputs\Tests\test_censored.mp4  engine=faster-whisper  model=medium.en  device=auto  mode=mute  pre_pad_ms=150  post_pad_ms=50  audio_delay_ms=0  output_mode=add_track =====
[2026-07-10 18:07:13] 
[2026-07-10 18:07:13] ===== File 1 of 1:  C:\Temp\vidclean\inputs\Tests\test.mp4 =====
[2026-07-10 18:07:13] Input video: C:\Temp\vidclean\inputs\Tests\test.mp4
[2026-07-10 18:07:13] Output video: C:\Temp\vidclean\inputs\Tests\test_censored.mp4
[2026-07-10 18:07:13] Output mode: add_track
[2026-07-10 18:07:13] FFmpeg folder override: C:\ffmpeg\bin
[2026-07-10 18:07:17] Media duration: 917.88 s
[2026-07-10 18:07:17] Loading censor word list from C:\Temp\Python\VidClean\censor_words.txt
[2026-07-10 18:07:20] Loaded 13 censor word(s): *fuck*, cunt, shit, bullshit, *bitch*, bastard, *damn*, hell, asshole, dick*, jesus christ, jesus, christ
[2026-07-10 18:07:20] Using cached transcript: C:\Temp\vidclean\inputs\Tests\test.mp4.transcript.json (2673 words, model=medium.en).
[2026-07-10 18:07:20] Matching transcribed words against censor list...
[2026-07-10 18:07:20] Matched 182 word occurrence(s), producing 175 mute interval(s) after padding/merging.
[2026-07-10 18:07:20] Censored entries (occurrences):
[2026-07-10 18:07:20]    142 x  *fuck*
[2026-07-10 18:07:20]     24 x  shit
[2026-07-10 18:07:20]      4 x  dick*
[2026-07-10 18:07:20]      3 x  *bitch*
[2026-07-10 18:07:20]      2 x  bullshit
[2026-07-10 18:07:20]      2 x  cunt
[2026-07-10 18:07:20]      1 x  *damn*
[2026-07-10 18:07:20]      1 x  bastard
[2026-07-10 18:07:20]      1 x  hell
[2026-07-10 18:07:20]      1 x  jesus christ
[2026-07-10 18:07:24] Encoding output with 175 censored interval(s), mode=mute, output_mode=add_track (source audio streams: 1, new track index: 1)...
[2026-07-10 18:07:46] Done. Wrote censored video: C:\Temp\vidclean\inputs\Tests\test_censored.mp4
[2026-07-10 18:07:46] Done. 182 matched of 2673 words; 175 interval(s). Output: C:\Temp\vidclean\inputs\Tests\test_censored.mp4
[2026-07-10 18:07:46] 
[2026-07-10 18:07:46] Batch complete: 1 succeeded, 0 failed, 0 cancelled, 0 skipped (of 1).

===== 2026-07-10 18:09:12  batch 1/1  input=C:\Temp\vidclean\inputs\Tests\test.mp4  output=C:\Temp\vidclean\inputs\Tests\test_censored.mp4  engine=faster-whisper  model=medium.en  device=auto  mode=mute  pre_pad_ms=150  post_pad_ms=50  audio_delay_ms=0  output_mode=add_track =====
[2026-07-10 18:09:12] Preloading Whisper model for batch...
[2026-07-10 18:09:12] Device: CUDA auto-detected (NVIDIA RTX A2000 8GB Laptop GPU).
[2026-07-10 18:09:12] Reusing already-loaded faster-whisper model 'C:\models\faster-whisper-medium.en' on cuda.
[2026-07-10 18:09:12] 
[2026-07-10 18:09:12] ===== File 1 of 1:  C:\Temp\vidclean\inputs\Tests\test.mp4 =====
[2026-07-10 18:09:12] Input video: C:\Temp\vidclean\inputs\Tests\test.mp4
[2026-07-10 18:09:12] Output video: C:\Temp\vidclean\inputs\Tests\test_censored.mp4
[2026-07-10 18:09:12] Output mode: add_track
[2026-07-10 18:09:12] FFmpeg folder override: C:\ffmpeg\bin
[2026-07-10 18:09:15] Media duration: 917.88 s
[2026-07-10 18:09:15] Loading censor word list from C:\Temp\Python\VidClean\censor_words.txt
[2026-07-10 18:09:15] Loaded 13 censor word(s): *fuck*, cunt, shit, bullshit, *bitch*, bastard, *damn*, hell, asshole, dick*, jesus christ, jesus, christ
[2026-07-10 18:09:15] No valid transcript cache found; running full transcription.
[2026-07-10 18:09:15] Extracting audio (mono 16 kHz WAV) with ffmpeg...
[2026-07-10 18:09:16] Device: CUDA auto-detected (NVIDIA RTX A2000 8GB Laptop GPU).
[2026-07-10 18:09:16] Reusing already-loaded faster-whisper model 'C:\models\faster-whisper-medium.en' on cuda.
[2026-07-10 18:09:16] Transcribing audio via faster-whisper (word-level timestamps enabled)...
[2026-07-10 18:09:16] Prepended 'C:\ffmpeg\bin' to PATH for Whisper audio decoding.
[2026-07-10 18:16:54] Transcription complete: 2673 words, 555 segments, language=en.
[2026-07-10 18:16:54] Saved transcript cache: C:\Temp\vidclean\inputs\Tests\test.mp4.transcript.json
[2026-07-10 18:16:54] Matching transcribed words against censor list...
[2026-07-10 18:16:54] Matched 182 word occurrence(s), producing 175 mute interval(s) after padding/merging.
[2026-07-10 18:16:54] Censored entries (occurrences):
[2026-07-10 18:16:54]    142 x  *fuck*
[2026-07-10 18:16:54]     24 x  shit
[2026-07-10 18:16:54]      4 x  dick*
[2026-07-10 18:16:54]      3 x  *bitch*
[2026-07-10 18:16:54]      2 x  bullshit
[2026-07-10 18:16:54]      2 x  cunt
[2026-07-10 18:16:54]      1 x  *damn*
[2026-07-10 18:16:54]      1 x  bastard
[2026-07-10 18:16:54]      1 x  hell
[2026-07-10 18:16:54]      1 x  jesus christ
[2026-07-10 18:16:57] Encoding output with 175 censored interval(s), mode=mute, output_mode=add_track (source audio streams: 1, new track index: 1)...
[2026-07-10 18:17:19] Done. Wrote censored video: C:\Temp\vidclean\inputs\Tests\test_censored.mp4
[2026-07-10 18:17:19] Done. 182 matched of 2673 words; 175 interval(s). Output: C:\Temp\vidclean\inputs\Tests\test_censored.mp4
[2026-07-10 18:17:19] 
[2026-07-10 18:17:19] Batch complete: 1 succeeded, 0 failed, 0 cancelled, 0 skipped (of 1).
